time, id, name, x, y, z, h, p, r, speed, wheel_angle, wheel_rot
0.000, 0, Ego, -430.775, -120.454, 0.000, 3.892, 0.000, 0.000, 13.889, 0.000, 0.000
0.000, 1, Obstacle, -512.073, -196.192, 0.000, 3.892, 0.000, 0.000, 0.000, 0.000, 0.000
0.050, 0, Ego, -431.283, -120.928, 0.000, 3.892, 0.000, 0.000, 13.889, 0.000, 1.984
0.050, 1, Obstacle, -512.073, -196.192, 0.000, 3.892, 0.000, 0.000, 0.000, 0.000, 0.000
0.100, 0, Ego, -431.791, -121.401, 0.000, 3.892, 0.000, 0.000, 13.889, 0.000, 3.968
0.100, 1, Obstacle, -512.073, -196.192, 0.000, 3.892, 0.000, 0.000, 0.000, 0.000, 0.000
0.150, 0, Ego, -432.299, -121.874, 0.000, 3.892, 0.000, 0.000, 13.889, 0.000, 5.952
0.150, 1, Obstacle, -512.073, -196.192, 0.000, 3.892, 0.000, 0.000, 0.000, 0.000, 0.000
0.200, 0, Ego, -432.807, -122.348, 0.000, 3.892, 0.000, 0.000, 13.889, 0.000, 1.653
0.200, 1, Obstacle, -512.073, -196.192, 0.000, 3.892, 0.000, 0.000, 0.000, 0.000, 0.000
0.250, 0, Ego, -433.315, -122.821, 0.000, 3.892, 0.000, 0.000, 13.889, 0.000, 3.638
0.250, 1, Obstacle, -512.073, -196.192, 0.000, 3.892, 0.000, 0.000, 0.000, 0.000, 0.000
0.300, 0, Ego, -433.823, -123.294, 0.000, 3.892, 0.000, 0.000, 13.889, 0.000, 5.622
0.300, 1, Obstacle, -512.073, -196.192, 0.000, 3.892, 0.000, 0.000, 0.000, 0.000, 0.000
0.350, 0, Ego, -434.332, -123.768, 0.000, 3.892, 0.000, 0.000, 13.889, 0.000, 1.323
0.350, 1, Obstacle, -512.073, -196.192, 0.000, 3.892, 0.000, 0.000, 0.000, 0.000, 0.000
0.400, 0, Ego, -434.840, -124.241, 0.000, 3.892, 0.000, 0.000, 13.889, 0.000, 3.307
0.400, 1, Obstacle, -512.073, -196.192, 0.000, 3.892, 0.000, 0.000, 0.000, 0.000, 0.000
0.450, 0, Ego, -435.348, -124.714, 0.000, 3.892, 0.000, 0.000, 13.889, 0.000, 5.291
0.450, 1, Obstacle, -512.073, -196.192, 0.000, 3.892, 0.000, 0.000, 0.000, 0.000, 0.000
0.500, 0, Ego, -435.856, -125.188, 0.000, 3.892, 0.000, 0.000, 13.889, 0.000, 0.992
0.500, 1, Obstacle, -512.073, -196.192, 0.000, 3.892, 0.000, 0.000, 0.000, 0.000, 0.000
0.550, 0, Ego, -436.364, -125.661, 0.000, 3.892, 0.000, 0.000, 13.889, 0.000, 2.976
0.550, 1, Obstacle, -512.073, -196.192, 0.000, 3.892, 0.000, 0.000, 0.000, 0.000, 0.000
0.600, 0, Ego, -436.872, -126.135, 0.000, 3.892, 0.000, 0.000, 13.889, 0.000, 4.960
0.600, 1, Obstacle, -512.073, -196.192, 0.000, 3.892, 0.000, 0.000, 0.000, 0.000, 0.000
0.650, 0, Ego, -437.380, -126.608, 0.000, 3.892, 0.000, 0.000, 13.889, 0.000, 0.661
0.650, 1, Obstacle, -512.073, -196.192, 0.000, 3.892, 0.000, 0.000, 0.000, 0.000, 0.000
0.700, 0, Ego, -437.888, -127.081, 0.000, 3.892, 0.000, 0.000, 13.889, 0.000, 2.645
0.700, 1, Obstacle, -512.073, -196.192, 0.000, 3.892, 0.000, 0.000, 0.000, 0.000, 0.000
0.750, 0, Ego, -438.397, -127.555, 0.000, 3.892, 0.000, 0.000, 13.889, 0.000, 4.629
0.750, 1, Obstacle, -512.073, -196.192, 0.000, 3.892, 0.000, 0.000, 0.000, 0.000, 0.000
0.800, 0, Ego, -438.905, -128.028, 0.000, 3.892, 0.000, 0.000, 13.889, 0.000, 0.330
0.800, 1, Obstacle, -512.073, -196.192, 0.000, 3.892, 0.000, 0.000, 0.000, 0.000, 0.000
0.850, 0, Ego, -439.413, -128.501, 0.000, 3.892, 0.000, 0.000, 13.889, 0.000, 2.315
0.850, 1, Obstacle, -512.073, -196.192, 0.000, 3.892, 0.000, 0.000, 0.000, 0.000, 0.000
0.900, 0, Ego, -439.921, -128.975, 0.000, 3.892, 0.000, 0.000, 13.889, 0.000, 4.299
0.900, 1, Obstacle, -512.073, -196.192, 0.000, 3.892, 0.000, 0.000, 0.000, 0.000, 0.000
0.950, 0, Ego, -440.429, -129.448, 0.000, 3.892, 0.000, 0.000, 13.889, 0.000, 6.283
0.950, 1, Obstacle, -512.073, -196.192, 0.000, 3.892, 0.000, 0.000, 0.000, 0.000, 0.000
1.000, 0, Ego, -440.937, -129.921, 0.000, 3.892, 0.000, 0.000, 13.889, 0.000, 1.984
1.000, 1, Obstacle, -512.073, -196.192, 0.000, 3.892, 0.000, 0.000, 0.000, 0.000, 0.000
1.050, 0, Ego, -441.445, -130.395, 0.000, 3.892, 0.000, 0.000, 13.889, 0.000, 3.968
1.050, 1, Obstacle, -512.073, -196.192, 0.000, 3.892, 0.000, 0.000, 0.000, 0.000, 0.000
1.100, 0, Ego, -441.953, -130.868, 0.000, 3.892, 0.000, 0.000, 13.889, 0.000, 5.952
1.100, 1, Obstacle, -512.073, -196.192, 0.000, 3.892, 0.000, 0.000, 0.000, 0.000, 0.000
1.150, 0, Ego, -442.462, -131.342, 0.000, 3.892, 0.000, 0.000, 13.889, 0.000, 1.653
1.150, 1, Obstacle, -512.073, -196.192, 0.000, 3.892, 0.000, 0.000, 0.000, 0.000, 0.000
1.200, 0, Ego, -442.970, -131.815, 0.000, 3.892, 0.000, 0.000, 13.889, 0.000, 3.637
1.200, 1, Obstacle, -512.073, -196.192, 0.000, 3.892, 0.000, 0.000, 0.000, 0.000, 0.000
1.250, 0, Ego, -443.478, -132.288, 0.000, 3.892, 0.000, 0.000, 13.889, 0.000, 5.621
1.250, 1, Obstacle, -512.073, -196.192, 0.000, 3.892, 0.000, 0.000, 0.000, 0.000, 0.000
1.300, 0, Ego, -443.986, -132.762, 0.000, 3.892, 0.000, 0.000, 13.889, 0.000, 1.322
1.300, 1, Obstacle, -512.073, -196.192, 0.000, 3.892, 0.000, 0.000, 0.000, 0.000, 0.000
1.350, 0, Ego, -444.494, -133.235, 0.000, 3.892, 0.000, 0.000, 13.889, 0.000, 3.306
1.350, 1, Obstacle, -512.073, -196.192, 0.000, 3.892, 0.000, 0.000, 0.000, 0.000, 0.000
1.400, 0, Ego, -445.002, -133.708, 0.000, 3.892, 0.000, 0.000, 13.889, 0.000, 5.291
1.400, 1, Obstacle, -512.073, -196.192, 0.000, 3.892, 0.000, 0.000, 0.000, 0.000, 0.000
1.450, 0, Ego, -445.510, -134.182, 0.000, 3.892, 0.000, 0.000, 13.889, 0.000, 0.991
1.450, 1, Obstacle, -512.073, -196.192, 0.000, 3.892, 0.000, 0.000, 0.000, 0.000, 0.000
1.500, 0, Ego, -446.018, -134.655, 0.000, 3.892, 0.000, 0.000, 13.889, 0.000, 2.976
1.500, 1, Obstacle, -512.073, -196.192, 0.000, 3.892, 0.000, 0.000, 0.000, 0.000, 0.000
1.550, 0, Ego, -446.526, -135.128, 0.000, 3.892, 0.000, 0.000, 13.889, 0.000, 4.960
1.550, 1, Obstacle, -512.073, -196.192, 0.000, 3.892, 0.000, 0.000, 0.000, 0.000, 0.000
1.600, 0, Ego, -447.035, -135.602, 0.000, 3.892, 0.000, 0.000, 13.889, 0.000, 0.661
1.600, 1, Obstacle, -512.073, -196.192, 0.000, 3.892, 0.000, 0.000, 0.000, 0.000, 0.000
1.650, 0, Ego, -447.543, -136.075, 0.000, 3.892, 0.000, 0.000, 13.889, 0.000, 2.645
1.650, 1, Obstacle, -512.073, -196.192, 0.000, 3.892, 0.000, 0.000, 0.000, 0.000, 0.000
1.700, 0, Ego, -448.051, -136.549, 0.000, 3.892, 0.000, 0.000, 13.889, 0.000, 4.629
1.700, 1, Obstacle, -512.073, -196.192, 0.000, 3.892, 0.000, 0.000, 0.000, 0.000, 0.000
1.750, 0, Ego, -448.559, -137.022, 0.000, 3.892, 0.000, 0.000, 13.889, 0.000, 0.330
1.750, 1, Obstacle, -512.073, -196.192, 0.000, 3.892, 0.000, 0.000, 0.000, 0.000, 0.000
1.800, 0, Ego, -449.067, -137.495, 0.000, 3.892, 0.000, 0.000, 13.889, 0.000, 2.314
1.800, 1, Obstacle, -512.073, -196.192, 0.000, 3.892, 0.000, 0.000, 0.000, 0.000, 0.000
1.850, 0, Ego, -449.575, -137.969, 0.000, 3.892, 0.000, 0.000, 13.889, 0.000, 4.298
1.850, 1, Obstacle, -512.073, -196.192, 0.000, 3.892, 0.000, 0.000, 0.000, 0.000, 0.000
1.900, 0, Ego, -450.083, -138.442, 0.000, 3.892, 0.000, 0.000, 13.889, 0.000, 6.282
1.900, 1, Obstacle, -512.073, -196.192, 0.000, 3.892, 0.000, 0.000, 0.000, 0.000, 0.000
1.950, 0, Ego, -450.591, -138.915, 0.000, 3.892, 0.000, 0.000, 13.889, 0.000, 1.983
1.950, 1, Obstacle, -512.073, -196.192, 0.000, 3.892, 0.000, 0.000, 0.000, 0.000, 0.000
2.000, 0, Ego, -451.100, -139.389, 0.000, 3.892, 0.000, 0.000, 13.889, 0.000, 3.967
2.000, 1, Obstacle, -512.073, -196.192, 0.000, 3.892, 0.000, 0.000, 0.000, 0.000, 0.000
2.050, 0, Ego, -451.608, -139.862, 0.000, 3.892, 0.000, 0.000, 13.889, 0.000, 5.952
2.050, 1, Obstacle, -512.073, -196.192, 0.000, 3.892, 0.000, 0.000, 0.000, 0.000, 0.000
2.100, 0, Ego, -452.116, -140.335, 0.000, 3.892, 0.000, 0.000, 13.889, 0.000, 1.653
2.100, 1, Obstacle, -512.073, -196.192, 0.000, 3.892, 0.000, 0.000, 0.000, 0.000, 0.000
2.150, 0, Ego, -452.624, -140.809, 0.000, 3.892, 0.000, 0.000, 13.889, 0.000, 3.637
2.150, 1, Obstacle, -512.073, -196.192, 0.000, 3.892, 0.000, 0.000, 0.000, 0.000, 0.000
2.200, 0, Ego, -453.132, -141.282, 0.000, 3.892, 0.000, 0.000, 13.889, 0.000, 5.621
2.200, 1, Obstacle, -512.073, -196.192, 0.000, 3.892, 0.000, 0.000, 0.000, 0.000, 0.000
2.250, 0, Ego, -453.640, -141.756, 0.000, 3.892, 0.000, 0.000, 13.889, 0.000, 1.322
2.250, 1, Obstacle, -512.073, -196.192, 0.000, 3.892, 0.000, 0.000, 0.000, 0.000, 0.000
2.300, 0, Ego, -454.148, -142.229, 0.000, 3.892, 0.000, 0.000, 13.889, 0.000, 3.306
2.300, 1, Obstacle, -512.073, -196.192, 0.000, 3.892, 0.000, 0.000, 0.000, 0.000, 0.000
2.350, 0, Ego, -454.656, -142.702, 0.000, 3.892, 0.000, 0.000, 13.889, 0.000, 5.290
2.350, 1, Obstacle, -512.073, -196.192, 0.000, 3.892, 0.000, 0.000, 0.000, 0.000, 0.000
2.400, 0, Ego, -455.165, -143.176, 0.000, 3.892, 0.000, 0.000, 13.889, 0.000, 0.991
2.400, 1, Obstacle, -512.073, -196.192, 0.000, 3.892, 0.000, 0.000, 0.000, 0.000, 0.000
2.450, 0, Ego, -455.673, -143.649, 0.000, 3.892, 0.000, 0.000, 13.889, 0.000, 2.975
2.450, 1, Obstacle, -512.073, -196.192, 0.000, 3.892, 0.000, 0.000, 0.000, 0.000, 0.000
2.500, 0, Ego, -456.181, -144.122, 0.000, 3.892, 0.000, 0.000, 13.889, 0.000, 4.959
2.500, 1, Obstacle, -512.073, -196.192, 0.000, 3.892, 0.000, 0.000, 0.000, 0.000, 0.000
2.550, 0, Ego, -456.689, -144.596, 0.000, 3.892, 0.000, 0.000, 13.889, 0.000, 0.660
2.550, 1, Obstacle, -512.073, -196.192, 0.000, 3.892, 0.000, 0.000, 0.000, 0.000, 0.000
2.600, 0, Ego, -457.197, -145.069, 0.000, 3.892, 0.000, 0.000, 13.889, 0.000, 2.644
2.600, 1, Obstacle, -512.073, -196.192, 0.000, 3.892, 0.000, 0.000, 0.000, 0.000, 0.000
2.650, 0, Ego, -457.705, -145.542, 0.000, 3.892, 0.000, 0.000, 13.889, 0.000, 4.629
2.650, 1, Obstacle, -512.073, -196.192, 0.000, 3.892, 0.000, 0.000, 0.000, 0.000, 0.000
2.700, 0, Ego, -458.213, -146.016, 0.000, 3.892, 0.000, 0.000, 13.889, 0.000, 0.330
2.700, 1, Obstacle, -512.073, -196.192, 0.000, 3.892, 0.000, 0.000, 0.000, 0.000, 0.000
2.750, 0, Ego, -458.721, -146.489, 0.000, 3.892, 0.000, 0.000, 13.889, 0.000, 2.314
2.750, 1, Obstacle, -512.073, -196.192, 0.000, 3.892, 0.000, 0.000, 0.000, 0.000, 0.000
2.800, 0, Ego, -459.229, -146.963, 0.000, 3.892, 0.000, 0.000, 13.889, 0.000, 4.298
2.800, 1, Obstacle, -512.073, -196.192, 0.000, 3.892, 0.000, 0.000, 0.000, 0.000, 0.000
2.850, 0, Ego, -459.738, -147.436, 0.000, 3.892, 0.000, 0.000, 13.889, 0.000, 6.282
2.850, 1, Obstacle, -512.073, -196.192, 0.000, 3.892, 0.000, 0.000, 0.000, 0.000, 0.000
2.900, 0, Ego, -460.246, -147.909, 0.000, 3.892, 0.000, 0.000, 13.889, 0.000, 1.983
2.900, 1, Obstacle, -512.073, -196.192, 0.000, 3.892, 0.000, 0.000, 0.000, 0.000, 0.000
2.950, 0, Ego, -460.754, -148.383, 0.000, 3.892, 0.000, 0.000, 13.889, 0.000, 3.967
2.950, 1, Obstacle, -512.073, -196.192, 0.000, 3.892, 0.000, 0.000, 0.000, 0.000, 0.000
3.000, 0, Ego, -461.262, -148.856, 0.000, 3.892, 0.000, 0.000, 13.889, 0.000, 5.951
3.000, 1, Obstacle, -512.073, -196.192, 0.000, 3.892, 0.000, 0.000, 0.000, 0.000, 0.000
3.050, 0, Ego, -461.770, -149.329, 0.000, 3.892, 0.000, 0.000, 13.889, 0.000, 1.652
3.050, 1, Obstacle, -512.073, -196.192, 0.000, 3.892, 0.000, 0.000, 0.000, 0.000, 0.000
3.100, 0, Ego, -462.278, -149.803, 0.000, 3.892, 0.000, 0.000, 13.889, 0.000, 3.636
3.100, 1, Obstacle, -512.073, -196.192, 0.000, 3.892, 0.000, 0.000, 0.000, 0.000, 0.000
3.150, 0, Ego, -462.786, -150.276, 0.000, 3.892, 0.000, 0.000, 13.889, 0.000, 5.620
3.150, 1, Obstacle, -512.073, -196.192, 0.000, 3.892, 0.000, 0.000, 0.000, 0.000, 0.000
3.200, 0, Ego, -463.294, -150.749, 0.000, 3.892, 0.000, 0.000, 13.889, 0.000, 1.321
3.200, 1, Obstacle, -512.073, -196.192, 0.000, 3.892, 0.000, 0.000, 0.000, 0.000, 0.000
3.250, 0, Ego, -463.803, -151.223, 0.000, 3.892, 0.000, 0.000, 13.889, 0.000, 3.306
3.250, 1, Obstacle, -512.073, -196.192, 0.000, 3.892, 0.000, 0.000, 0.000, 0.000, 0.000
3.300, 0, Ego, -464.311, -151.696, 0.000, 3.892, 0.000, 0.000, 13.889, 0.000, 5.290
3.300, 1, Obstacle, -512.073, -196.192, 0.000, 3.892, 0.000, 0.000, 0.000, 0.000, 0.000
3.350, 0, Ego, -464.819, -152.170, 0.000, 3.892, 0.000, 0.000, 13.889, 0.000, 0.991
3.350, 1, Obstacle, -512.073, -196.192, 0.000, 3.892, 0.000, 0.000, 0.000, 0.000, 0.000
3.400, 0, Ego, -465.327, -152.643, 0.000, 3.892, 0.000, 0.000, 13.889, 0.000, 2.975
3.400, 1, Obstacle, -512.073, -196.192, 0.000, 3.892, 0.000, 0.000, 0.000, 0.000, 0.000
3.450, 0, Ego, -465.835, -153.116, 0.000, 3.892, 0.000, 0.000, 13.889, 0.000, 4.959
3.450, 1, Obstacle, -512.073, -196.192, 0.000, 3.892, 0.000, 0.000, 0.000, 0.000, 0.000
3.500, 0, Ego, -466.343, -153.590, 0.000, 3.892, 0.000, 0.000, 13.889, 0.000, 0.660
3.500, 1, Obstacle, -512.073, -196.192, 0.000, 3.892, 0.000, 0.000, 0.000, 0.000, 0.000
3.550, 0, Ego, -466.851, -154.063, 0.000, 3.892, 0.000, 0.000, 13.889, 0.000, 2.644
3.550, 1, Obstacle, -512.073, -196.192, 0.000, 3.892, 0.000, 0.000, 0.000, 0.000, 0.000
3.600, 0, Ego, -467.359, -154.536, 0.000, 3.892, 0.000, 0.000, 13.889, 0.000, 4.628
3.600, 1, Obstacle, -512.073, -196.192, 0.000, 3.892, 0.000, 0.000, 0.000, 0.000, 0.000
3.650, 0, Ego, -467.868, -155.010, 0.000, 3.892, 0.000, 0.000, 13.889, 0.000, 0.329
3.650, 1, Obstacle, -512.073, -196.192, 0.000, 3.892, 0.000, 0.000, 0.000, 0.000, 0.000
3.700, 0, Ego, -468.376, -155.483, 0.000, 3.892, 0.000, 0.000, 13.889, 0.000, 2.313
3.700, 1, Obstacle, -512.073, -196.192, 0.000, 3.892, 0.000, 0.000, 0.000, 0.000, 0.000
3.750, 0, Ego, -468.884, -155.956, 0.000, 3.892, 0.000, 0.000, 13.889, 0.000, 4.297
3.750, 1, Obstacle, -512.073, -196.192, 0.000, 3.892, 0.000, 0.000, 0.000, 0.000, 0.000
3.800, 0, Ego, -469.392, -156.430, 0.000, 3.892, 0.000, 0.000, 13.889, 0.000, 6.282
3.800, 1, Obstacle, -512.073, -196.192, 0.000, 3.892, 0.000, 0.000, 0.000, 0.000, 0.000
3.850, 0, Ego, -469.900, -156.903, 0.000, 3.892, 0.000, 0.000, 13.889, 0.000, 1.983
3.850, 1, Obstacle, -512.073, -196.192, 0.000, 3.892, 0.000, 0.000, 0.000, 0.000, 0.000
3.900, 0, Ego, -470.408, -157.377, 0.000, 3.892, 0.000, 0.000, 13.889, 0.000, 3.967
3.900, 1, Obstacle, -512.073, -196.192, 0.000, 3.892, 0.000, 0.000, 0.000, 0.000, 0.000
3.950, 0, Ego, -470.916, -157.850, 0.000, 3.892, 0.000, 0.000, 13.889, 0.000, 5.951
3.950, 1, Obstacle, -512.073, -196.192, 0.000, 3.892, 0.000, 0.000, 0.000, 0.000, 0.000
4.000, 0, Ego, -471.424, -158.323, 0.000, 3.892, 0.000, 0.000, 13.889, 0.000, 1.652
4.000, 1, Obstacle, -512.073, -196.192, 0.000, 3.892, 0.000, 0.000, 0.000, 0.000, 0.000
4.050, 0, Ego, -471.933, -158.797, 0.000, 3.892, 0.000, 0.000, 13.889, 0.000, 3.636
4.050, 1, Obstacle, -512.073, -196.192, 0.000, 3.892, 0.000, 0.000, 0.000, 0.000, 0.000
4.100, 0, Ego, -472.441, -159.270, 0.000, 3.892, 0.000, 0.000, 13.889, 0.000, 5.620
4.100, 1, Obstacle, -512.073, -196.192, 0.000, 3.892, 0.000, 0.000, 0.000, 0.000, 0.000
4.150, 0, Ego, -472.949, -159.743, 0.000, 3.892, 0.000, 0.000, 13.889, 0.000, 1.321
4.150, 1, Obstacle, -512.073, -196.192, 0.000, 3.892, 0.000, 0.000, 0.000, 0.000, 0.000
4.200, 0, Ego, -473.457, -160.217, 0.000, 3.892, 0.000, 0.000, 13.889, 0.000, 3.305
4.200, 1, Obstacle, -512.073, -196.192, 0.000, 3.892, 0.000, 0.000, 0.000, 0.000, 0.000
4.250, 0, Ego, -473.965, -160.690, 0.000, 3.892, 0.000, 0.000, 13.889, 0.000, 5.289
4.250, 1, Obstacle, -512.073, -196.192, 0.000, 3.892, 0.000, 0.000, 0.000, 0.000, 0.000
4.300, 0, Ego, -474.473, -161.163, 0.000, 3.892, 0.000, 0.000, 13.889, 0.000, 0.990
4.300, 1, Obstacle, -512.073, -196.192, 0.000, 3.892, 0.000, 0.000, 0.000, 0.000, 0.000
4.350, 0, Ego, -474.981, -161.637, 0.000, 3.892, 0.000, 0.000, 13.889, 0.000, 2.974
4.350, 1, Obstacle, -512.073, -196.192, 0.000, 3.892, 0.000, 0.000, 0.000, 0.000, 0.000
4.400, 0, Ego, -475.489, -162.110, 0.000, 3.892, 0.000, 0.000, 13.889, 0.000, 4.959
4.400, 1, Obstacle, -512.073, -196.192, 0.000, 3.892, 0.000, 0.000, 0.000, 0.000, 0.000
4.450, 0, Ego, -475.997, -162.584, 0.000, 3.892, 0.000, 0.000, 13.889, 0.000, 0.660
4.450, 1, Obstacle, -512.073, -196.192, 0.000, 3.892, 0.000, 0.000, 0.000, 0.000, 0.000
4.500, 0, Ego, -476.506, -163.057, 0.000, 3.892, 0.000, 0.000, 13.889, 0.000, 2.644
4.500, 1, Obstacle, -512.073, -196.192, 0.000, 3.892, 0.000, 0.000, 0.000, 0.000, 0.000
4.550, 0, Ego, -477.014, -163.530, 0.000, 3.892, 0.000, 0.000, 13.889, 0.000, 4.628
4.550, 1, Obstacle, -512.073, -196.192, 0.000, 3.892, 0.000, 0.000, 0.000, 0.000, 0.000
4.600, 0, Ego, -477.522, -164.004, 0.000, 3.892, 0.000, 0.000, 13.889, 0.000, 0.329
4.600, 1, Obstacle, -512.073, -196.192, 0.000, 3.892, 0.000, 0.000, 0.000, 0.000, 0.000
4.650, 0, Ego, -478.030, -164.477, 0.000, 3.892, 0.000, 0.000, 13.889, 0.000, 2.313
4.650, 1, Obstacle, -512.073, -196.192, 0.000, 3.892, 0.000, 0.000, 0.000, 0.000, 0.000
4.700, 0, Ego, -478.538, -164.950, 0.000, 3.892, 0.000, 0.000, 13.889, 0.000, 4.297
4.700, 1, Obstacle, -512.073, -196.192, 0.000, 3.892, 0.000, 0.000, 0.000, 0.000, 0.000
4.750, 0, Ego, -479.039, -165.417, 0.000, 3.892, 0.000, 0.000, 13.689, 0.000, 6.253
4.750, 1, Obstacle, -512.073, -196.192, 0.000, 3.892, 0.000, 0.000, 0.000, 0.000, 0.000
4.800, 0, Ego, -479.532, -165.877, 0.000, 3.892, 0.000, 0.000, 13.489, 0.000, 1.896
4.800, 1, Obstacle, -512.073, -196.192, 0.000, 3.892, 0.000, 0.000, 0.000, 0.000, 0.000
4.850, 0, Ego, -480.019, -166.330, 0.000, 3.892, 0.000, 0.000, 13.289, 0.000, 3.795
4.850, 1, Obstacle, -512.073, -196.192, 0.000, 3.892, 0.000, 0.000, 0.000, 0.000, 0.000
4.900, 0, Ego, -480.497, -166.776, 0.000, 3.892, 0.000, 0.000, 13.089, 0.000, 5.665
4.900, 1, Obstacle, -512.073, -196.192, 0.000, 3.892, 0.000, 0.000, 0.000, 0.000, 0.000
4.950, 0, Ego, -480.969, -167.215, 0.000, 3.892, 0.000, 0.000, 12.889, 0.000, 1.223
4.950, 1, Obstacle, -512.073, -196.192, 0.000, 3.892, 0.000, 0.000, 0.000, 0.000, 0.000
5.000, 0, Ego, -481.433, -167.647, 0.000, 3.892, 0.000, 0.000, 12.689, 0.000, 3.036
5.000, 1, Obstacle, -512.073, -196.192, 0.000, 3.892, 0.000, 0.000, 0.000, 0.000, 0.000
5.050, 0, Ego, -481.890, -168.073, 0.000, 3.892, 0.000, 0.000, 12.489, 0.000, 4.820
5.050, 1, Obstacle, -512.073, -196.192, 0.000, 3.892, 0.000, 0.000, 0.000, 0.000, 0.000
5.100, 0, Ego, -482.340, -168.492, 0.000, 3.892, 0.000, 0.000, 12.289, 0.000, 0.292
5.100, 1, Obstacle, -512.073, -196.192, 0.000, 3.892, 0.000, 0.000, 0.000, 0.000, 0.000
5.150, 0, Ego, -482.782, -168.904, 0.000, 3.892, 0.000, 0.000, 12.089, 0.000, 2.019
5.150, 1, Obstacle, -512.073, -196.192, 0.000, 3.892, 0.000, 0.000, 0.000, 0.000, 0.000
5.200, 0, Ego, -483.217, -169.309, 0.000, 3.892, 0.000, 0.000, 11.889, 0.000, 3.717
5.200, 1, Obstacle, -512.073, -196.192, 0.000, 3.892, 0.000, 0.000, 0.000, 0.000, 0.000
5.250, 0, Ego, -483.645, -169.708, 0.000, 3.892, 0.000, 0.000, 11.689, 0.000, 5.387
5.250, 1, Obstacle, -512.073, -196.192, 0.000, 3.892, 0.000, 0.000, 0.000, 0.000, 0.000
5.300, 0, Ego, -484.065, -170.099, 0.000, 3.892, 0.000, 0.000, 11.489, 0.000, 0.745
5.300, 1, Obstacle, -512.073, -196.192, 0.000, 3.892, 0.000, 0.000, 0.000, 0.000, 0.000
5.350, 0, Ego, -484.478, -170.484, 0.000, 3.892, 0.000, 0.000, 11.289, 0.000, 2.358
5.350, 1, Obstacle, -512.073, -196.192, 0.000, 3.892, 0.000, 0.000, 0.000, 0.000, 0.000
5.400, 0, Ego, -484.884, -170.862, 0.000, 3.892, 0.000, 0.000, 11.089, 0.000, 3.942
5.400, 1, Obstacle, -512.073, -196.192, 0.000, 3.892, 0.000, 0.000, 0.000, 0.000, 0.000
5.450, 0, Ego, -485.282, -171.233, 0.000, 3.892, 0.000, 0.000, 10.889, 0.000, 5.498
5.450, 1, Obstacle, -512.073, -196.192, 0.000, 3.892, 0.000, 0.000, 0.000, 0.000, 0.000
5.500, 0, Ego, -485.673, -171.597, 0.000, 3.892, 0.000, 0.000, 10.689, 0.000, 0.742
5.500, 1, Obstacle, -512.073, -196.192, 0.000, 3.892, 0.000, 0.000, 0.000, 0.000, 0.000
5.550, 0, Ego, -486.057, -171.955, 0.000, 3.892, 0.000, 0.000, 10.489, 0.000, 2.240
5.550, 1, Obstacle, -512.073, -196.192, 0.000, 3.892, 0.000, 0.000, 0.000, 0.000, 0.000
5.600, 0, Ego, -486.433, -172.305, 0.000, 3.892, 0.000, 0.000, 10.289, 0.000, 3.710
5.600, 1, Obstacle, -512.073, -196.192, 0.000, 3.892, 0.000, 0.000, 0.000, 0.000, 0.000
5.650, 0, Ego, -486.802, -172.649, 0.000, 3.892, 0.000, 0.000, 10.089, 0.000, 5.151
5.650, 1, Obstacle, -512.073, -196.192, 0.000, 3.892, 0.000, 0.000, 0.000, 0.000, 0.000
5.700, 0, Ego, -487.164, -172.986, 0.000, 3.892, 0.000, 0.000, 9.889, 0.000, 0.281
5.700, 1, Obstacle, -512.073, -196.192, 0.000, 3.892, 0.000, 0.000, 0.000, 0.000, 0.000
5.750, 0, Ego, -487.518, -173.316, 0.000, 3.892, 0.000, 0.000, 9.689, 0.000, 1.665
5.750, 1, Obstacle, -512.073, -196.192, 0.000, 3.892, 0.000, 0.000, 0.000, 0.000, 0.000
5.800, 0, Ego, -487.866, -173.640, 0.000, 3.892, 0.000, 0.000, 9.495, 0.000, 3.021
5.800, 1, Obstacle, -512.073, -196.192, 0.000, 3.892, 0.000, 0.000, 0.000, 0.000, 0.000
5.850, 0, Ego, -488.207, -173.957, 0.000, 3.892, 0.000, 0.000, 9.313, 0.000, 4.352
5.850, 1, Obstacle, -512.073, -196.192, 0.000, 3.892, 0.000, 0.000, 0.000, 0.000, 0.000
5.900, 0, Ego, -488.541, -174.269, 0.000, 3.892, 0.000, 0.000, 9.142, 0.000, 5.658
5.900, 1, Obstacle, -512.073, -196.192, 0.000, 3.892, 0.000, 0.000, 0.000, 0.000, 0.000
5.950, 0, Ego, -488.869, -174.575, 0.000, 3.892, 0.000, 0.000, 8.979, 0.000, 0.657
5.950, 1, Obstacle, -512.073, -196.192, 0.000, 3.892, 0.000, 0.000, 0.000, 0.000, 0.000
6.000, 0, Ego, -489.192, -174.876, 0.000, 3.892, 0.000, 0.000, 8.823, 0.000, 1.918
6.000, 1, Obstacle, -512.073, -196.192, 0.000, 3.892, 0.000, 0.000, 0.000, 0.000, 0.000
6.050, 0, Ego, -489.510, -175.171, 0.000, 3.892, 0.000, 0.000, 8.673, 0.000, 3.157
6.050, 1, Obstacle, -512.073, -196.192, 0.000, 3.892, 0.000, 0.000, 0.000, 0.000, 0.000
6.100, 0, Ego, -489.822, -175.462, 0.000, 3.892, 0.000, 0.000, 8.529, 0.000, 4.375
6.100, 1, Obstacle, -512.073, -196.192, 0.000, 3.892, 0.000, 0.000, 0.000, 0.000, 0.000
6.150, 0, Ego, -490.129, -175.748, 0.000, 3.892, 0.000, 0.000, 8.390, 0.000, 5.574
6.150, 1, Obstacle, -512.073, -196.192, 0.000, 3.892, 0.000, 0.000, 0.000, 0.000, 0.000
6.200, 0, Ego, -490.431, -176.029, 0.000, 3.892, 0.000, 0.000, 8.255, 0.000, 0.470
6.200, 1, Obstacle, -512.073, -196.192, 0.000, 3.892, 0.000, 0.000, 0.000, 0.000, 0.000
6.250, 0, Ego, -490.728, -176.306, 0.000, 3.892, 0.000, 0.000, 8.124, 0.000, 1.630
6.250, 1, Obstacle, -512.073, -196.192, 0.000, 3.892, 0.000, 0.000, 0.000, 0.000, 0.000
6.300, 0, Ego, -491.020, -176.579, 0.000, 3.892, 0.000, 0.000, 7.995, 0.000, 2.773
6.300, 1, Obstacle, -512.073, -196.192, 0.000, 3.892, 0.000, 0.000, 0.000, 0.000, 0.000
6.350, 0, Ego, -491.308, -176.847, 0.000, 3.892, 0.000, 0.000, 7.870, 0.000, 3.897
6.350, 1, Obstacle, -512.073, -196.192, 0.000, 3.892, 0.000, 0.000, 0.000, 0.000, 0.000
6.400, 0, Ego, -491.592, -177.111, 0.000, 3.892, 0.000, 0.000, 7.748, 0.000, 5.004
6.400, 1, Obstacle, -512.073, -196.192, 0.000, 3.892, 0.000, 0.000, 0.000, 0.000, 0.000
6.450, 0, Ego, -491.871, -177.371, 0.000, 3.892, 0.000, 0.000, 7.628, 0.000, 6.093
6.450, 1, Obstacle, -512.073, -196.192, 0.000, 3.892, 0.000, 0.000, 0.000, 0.000, 0.000
6.500, 0, Ego, -492.145, -177.627, 0.000, 3.892, 0.000, 0.000, 7.510, 0.000, 0.883
6.500, 1, Obstacle, -512.073, -196.192, 0.000, 3.892, 0.000, 0.000, 0.000, 0.000, 0.000
6.550, 0, Ego, -492.416, -177.879, 0.000, 3.892, 0.000, 0.000, 7.394, 0.000, 1.939
6.550, 1, Obstacle, -512.073, -196.192, 0.000, 3.892, 0.000, 0.000, 0.000, 0.000, 0.000
6.600, 0, Ego, -492.682, -178.127, 0.000, 3.892, 0.000, 0.000, 7.280, 0.000, 2.979
6.600, 1, Obstacle, -512.073, -196.192, 0.000, 3.892, 0.000, 0.000, 0.000, 0.000, 0.000
6.650, 0, Ego, -492.945, -178.371, 0.000, 3.892, 0.000, 0.000, 7.168, 0.000, 4.003
6.650, 1, Obstacle, -512.073, -196.192, 0.000, 3.892, 0.000, 0.000, 0.000, 0.000, 0.000
6.700, 0, Ego, -493.203, -178.612, 0.000, 3.892, 0.000, 0.000, 7.058, 0.000, 5.012
6.700, 1, Obstacle, -512.073, -196.192, 0.000, 3.892, 0.000, 0.000, 0.000, 0.000, 0.000
6.750, 0, Ego, -493.457, -178.849, 0.000, 3.892, 0.000, 0.000, 6.950, 0.000, 6.005
6.750, 1, Obstacle, -512.073, -196.192, 0.000, 3.892, 0.000, 0.000, 0.000, 0.000, 0.000
6.800, 0, Ego, -493.707, -179.082, 0.000, 3.892, 0.000, 0.000, 6.843, 0.000, 0.699
6.800, 1, Obstacle, -512.073, -196.192, 0.000, 3.892, 0.000, 0.000, 0.000, 0.000, 0.000
6.850, 0, Ego, -493.954, -179.312, 0.000, 3.892, 0.000, 0.000, 6.738, 0.000, 1.662
6.850, 1, Obstacle, -512.073, -196.192, 0.000, 3.892, 0.000, 0.000, 0.000, 0.000, 0.000
6.900, 0, Ego, -494.197, -179.538, 0.000, 3.892, 0.000, 0.000, 6.634, 0.000, 2.609
6.900, 1, Obstacle, -512.073, -196.192, 0.000, 3.892, 0.000, 0.000, 0.000, 0.000, 0.000
6.950, 0, Ego, -494.436, -179.760, 0.000, 3.892, 0.000, 0.000, 6.532, 0.000, 3.542
6.950, 1, Obstacle, -512.073, -196.192, 0.000, 3.892, 0.000, 0.000, 0.000, 0.000, 0.000
7.000, 0, Ego, -494.671, -179.980, 0.000, 3.892, 0.000, 0.000, 6.431, 0.000, 4.461
7.000, 1, Obstacle, -512.073, -196.192, 0.000, 3.892, 0.000, 0.000, 0.000, 0.000, 0.000
7.050, 0, Ego, -494.902, -180.195, 0.000, 3.892, 0.000, 0.000, 6.332, 0.000, 5.366
7.050, 1, Obstacle, -512.073, -196.192, 0.000, 3.892, 0.000, 0.000, 0.000, 0.000, 0.000
7.100, 0, Ego, -495.131, -180.408, 0.000, 3.892, 0.000, 0.000, 6.234, 0.000, 6.256
7.100, 1, Obstacle, -512.073, -196.192, 0.000, 3.892, 0.000, 0.000, 0.000, 0.000, 0.000
7.150, 0, Ego, -495.355, -180.617, 0.000, 3.892, 0.000, 0.000, 6.137, 0.000, 0.850
7.150, 1, Obstacle, -512.073, -196.192, 0.000, 3.892, 0.000, 0.000, 0.000, 0.000, 0.000
7.200, 0, Ego, -495.576, -180.823, 0.000, 3.892, 0.000, 0.000, 6.042, 0.000, 1.713
7.200, 1, Obstacle, -512.073, -196.192, 0.000, 3.892, 0.000, 0.000, 0.000, 0.000, 0.000
7.250, 0, Ego, -495.794, -181.026, 0.000, 3.892, 0.000, 0.000, 5.948, 0.000, 2.563
7.250, 1, Obstacle, -512.073, -196.192, 0.000, 3.892, 0.000, 0.000, 0.000, 0.000, 0.000
7.300, 0, Ego, -496.008, -181.225, 0.000, 3.892, 0.000, 0.000, 5.855, 0.000, 3.399
7.300, 1, Obstacle, -512.073, -196.192, 0.000, 3.892, 0.000, 0.000, 0.000, 0.000, 0.000
7.350, 0, Ego, -496.219, -181.422, 0.000, 3.892, 0.000, 0.000, 5.763, 0.000, 4.222
7.350, 1, Obstacle, -512.073, -196.192, 0.000, 3.892, 0.000, 0.000, 0.000, 0.000, 0.000
7.400, 0, Ego, -496.426, -181.615, 0.000, 3.892, 0.000, 0.000, 5.673, 0.000, 5.033
7.400, 1, Obstacle, -512.073, -196.192, 0.000, 3.892, 0.000, 0.000, 0.000, 0.000, 0.000
7.450, 0, Ego, -496.630, -181.805, 0.000, 3.892, 0.000, 0.000, 5.584, 0.000, 5.830
7.450, 1, Obstacle, -512.073, -196.192, 0.000, 3.892, 0.000, 0.000, 0.000, 0.000, 0.000
7.500, 0, Ego, -496.832, -181.993, 0.000, 3.892, 0.000, 0.000, 5.496, 0.000, 0.332
7.500, 1, Obstacle, -512.073, -196.192, 0.000, 3.892, 0.000, 0.000, 0.000, 0.000, 0.000
7.550, 0, Ego, -497.029, -182.177, 0.000, 3.892, 0.000, 0.000, 5.409, 0.000, 1.105
7.550, 1, Obstacle, -512.073, -196.192, 0.000, 3.892, 0.000, 0.000, 0.000, 0.000, 0.000
7.600, 0, Ego, -497.224, -182.358, 0.000, 3.892, 0.000, 0.000, 5.324, 0.000, 1.865
7.600, 1, Obstacle, -512.073, -196.192, 0.000, 3.892, 0.000, 0.000, 0.000, 0.000, 0.000
7.650, 0, Ego, -497.416, -182.537, 0.000, 3.892, 0.000, 0.000, 5.239, 0.000, 2.614
7.650, 1, Obstacle, -512.073, -196.192, 0.000, 3.892, 0.000, 0.000, 0.000, 0.000, 0.000
7.700, 0, Ego, -497.605, -182.713, 0.000, 3.892, 0.000, 0.000, 5.156, 0.000, 3.351
7.700, 1, Obstacle, -512.073, -196.192, 0.000, 3.892, 0.000, 0.000, 0.000, 0.000, 0.000
7.750, 0, Ego, -497.790, -182.886, 0.000, 3.892, 0.000, 0.000, 5.074, 0.000, 4.075
7.750, 1, Obstacle, -512.073, -196.192, 0.000, 3.892, 0.000, 0.000, 0.000, 0.000, 0.000
7.800, 0, Ego, -497.973, -183.056, 0.000, 3.892, 0.000, 0.000, 4.993, 0.000, 4.789
7.800, 1, Obstacle, -512.073, -196.192, 0.000, 3.892, 0.000, 0.000, 0.000, 0.000, 0.000
7.850, 0, Ego, -498.153, -183.223, 0.000, 3.892, 0.000, 0.000, 4.913, 0.000, 5.491
7.850, 1, Obstacle, -512.073, -196.192, 0.000, 3.892, 0.000, 0.000, 0.000, 0.000, 0.000
7.900, 0, Ego, -498.329, -183.388, 0.000, 3.892, 0.000, 0.000, 4.835, 0.000, 6.181
7.900, 1, Obstacle, -512.073, -196.192, 0.000, 3.892, 0.000, 0.000, 0.000, 0.000, 0.000
7.950, 0, Ego, -498.504, -183.550, 0.000, 3.892, 0.000, 0.000, 4.757, 0.000, 0.578
7.950, 1, Obstacle, -512.073, -196.192, 0.000, 3.892, 0.000, 0.000, 0.000, 0.000, 0.000
8.000, 0, Ego, -498.675, -183.710, 0.000, 3.892, 0.000, 0.000, 4.681, 0.000, 1.246
8.000, 1, Obstacle, -512.073, -196.192, 0.000, 3.892, 0.000, 0.000, 0.000, 0.000, 0.000
8.050, 0, Ego, -498.843, -183.867, 0.000, 3.892, 0.000, 0.000, 4.605, 0.000, 1.904
8.050, 1, Obstacle, -512.073, -196.192, 0.000, 3.892, 0.000, 0.000, 0.000, 0.000, 0.000
8.100, 0, Ego, -499.009, -184.021, 0.000, 3.892, 0.000, 0.000, 4.531, 0.000, 2.551
8.100, 1, Obstacle, -512.073, -196.192, 0.000, 3.892, 0.000, 0.000, 0.000, 0.000, 0.000
8.150, 0, Ego, -499.172, -184.173, 0.000, 3.892, 0.000, 0.000, 4.457, 0.000, 3.188
8.150, 1, Obstacle, -512.073, -196.192, 0.000, 3.892, 0.000, 0.000, 0.000, 0.000, 0.000
8.200, 0, Ego, -499.332, -184.322, 0.000, 3.892, 0.000, 0.000, 4.385, 0.000, 3.815
8.200, 1, Obstacle, -512.073, -196.192, 0.000, 3.892, 0.000, 0.000, 0.000, 0.000, 0.000
8.250, 0, Ego, -499.490, -184.469, 0.000, 3.892, 0.000, 0.000, 4.314, 0.000, 4.431
8.250, 1, Obstacle, -512.073, -196.192, 0.000, 3.892, 0.000, 0.000, 0.000, 0.000, 0.000
8.300, 0, Ego, -499.646, -184.614, 0.000, 3.892, 0.000, 0.000, 4.244, 0.000, 5.037
8.300, 1, Obstacle, -512.073, -196.192, 0.000, 3.892, 0.000, 0.000, 0.000, 0.000, 0.000
8.350, 0, Ego, -499.798, -184.756, 0.000, 3.892, 0.000, 0.000, 4.175, 0.000, 5.634
8.350, 1, Obstacle, -512.073, -196.192, 0.000, 3.892, 0.000, 0.000, 0.000, 0.000, 0.000
8.400, 0, Ego, -499.949, -184.896, 0.000, 3.892, 0.000, 0.000, 4.106, 0.000, 6.220
8.400, 1, Obstacle, -512.073, -196.192, 0.000, 3.892, 0.000, 0.000, 0.000, 0.000, 0.000
8.450, 0, Ego, -500.096, -185.034, 0.000, 3.892, 0.000, 0.000, 4.039, 0.000, 0.514
8.450, 1, Obstacle, -512.073, -196.192, 0.000, 3.892, 0.000, 0.000, 0.000, 0.000, 0.000
8.500, 0, Ego, -500.242, -185.169, 0.000, 3.892, 0.000, 0.000, 3.973, 0.000, 1.082
8.500, 1, Obstacle, -512.073, -196.192, 0.000, 3.892, 0.000, 0.000, 0.000, 0.000, 0.000
8.550, 0, Ego, -500.385, -185.302, 0.000, 3.892, 0.000, 0.000, 3.907, 0.000, 1.640
8.550, 1, Obstacle, -512.073, -196.192, 0.000, 3.892, 0.000, 0.000, 0.000, 0.000, 0.000
8.600, 0, Ego, -500.525, -185.433, 0.000, 3.892, 0.000, 0.000, 3.843, 0.000, 2.189
8.600, 1, Obstacle, -512.073, -196.192, 0.000, 3.892, 0.000, 0.000, 0.000, 0.000, 0.000
8.650, 0, Ego, -500.663, -185.562, 0.000, 3.892, 0.000, 0.000, 3.780, 0.000, 2.729
8.650, 1, Obstacle, -512.073, -196.192, 0.000, 3.892, 0.000, 0.000, 0.000, 0.000, 0.000
8.700, 0, Ego, -500.799, -185.689, 0.000, 3.892, 0.000, 0.000, 3.717, 0.000, 3.260
8.700, 1, Obstacle, -512.073, -196.192, 0.000, 3.892, 0.000, 0.000, 0.000, 0.000, 0.000
8.750, 0, Ego, -500.933, -185.814, 0.000, 3.892, 0.000, 0.000, 3.656, 0.000, 3.782
8.750, 1, Obstacle, -512.073, -196.192, 0.000, 3.892, 0.000, 0.000, 0.000, 0.000, 0.000
8.800, 0, Ego, -501.065, -185.936, 0.000, 3.892, 0.000, 0.000, 3.595, 0.000, 4.296
8.800, 1, Obstacle, -512.073, -196.192, 0.000, 3.892, 0.000, 0.000, 0.000, 0.000, 0.000
8.850, 0, Ego, -501.194, -186.057, 0.000, 3.892, 0.000, 0.000, 3.535, 0.000, 4.801
8.850, 1, Obstacle, -512.073, -196.192, 0.000, 3.892, 0.000, 0.000, 0.000, 0.000, 0.000
8.900, 0, Ego, -501.321, -186.175, 0.000, 3.892, 0.000, 0.000, 3.476, 0.000, 5.297
8.900, 1, Obstacle, -512.073, -196.192, 0.000, 3.892, 0.000, 0.000, 0.000, 0.000, 0.000
8.950, 0, Ego, -501.446, -186.292, 0.000, 3.892, 0.000, 0.000, 3.418, 0.000, 5.786
8.950, 1, Obstacle, -512.073, -196.192, 0.000, 3.892, 0.000, 0.000, 0.000, 0.000, 0.000
9.000, 0, Ego, -501.569, -186.406, 0.000, 3.892, 0.000, 0.000, 3.361, 0.000, 6.266
9.000, 1, Obstacle, -512.073, -196.192, 0.000, 3.892, 0.000, 0.000, 0.000, 0.000, 0.000
9.050, 0, Ego, -501.690, -186.519, 0.000, 3.892, 0.000, 0.000, 3.305, 0.000, 0.455
9.050, 1, Obstacle, -512.073, -196.192, 0.000, 3.892, 0.000, 0.000, 0.000, 0.000, 0.000
9.100, 0, Ego, -501.809, -186.630, 0.000, 3.892, 0.000, 0.000, 3.250, 0.000, 0.919
9.100, 1, Obstacle, -512.073, -196.192, 0.000, 3.892, 0.000, 0.000, 0.000, 0.000, 0.000
9.150, 0, Ego, -501.926, -186.738, 0.000, 3.892, 0.000, 0.000, 3.195, 0.000, 1.376
9.150, 1, Obstacle, -512.073, -196.192, 0.000, 3.892, 0.000, 0.000, 0.000, 0.000, 0.000
9.200, 0, Ego, -502.041, -186.846, 0.000, 3.892, 0.000, 0.000, 3.141, 0.000, 1.824
9.200, 1, Obstacle, -512.073, -196.192, 0.000, 3.892, 0.000, 0.000, 0.000, 0.000, 0.000
9.250, 0, Ego, -502.154, -186.951, 0.000, 3.892, 0.000, 0.000, 3.089, 0.000, 2.266
9.250, 1, Obstacle, -512.073, -196.192, 0.000, 3.892, 0.000, 0.000, 0.000, 0.000, 0.000
9.300, 0, Ego, -502.265, -187.054, 0.000, 3.892, 0.000, 0.000, 3.036, 0.000, 2.699
9.300, 1, Obstacle, -512.073, -196.192, 0.000, 3.892, 0.000, 0.000, 0.000, 0.000, 0.000
9.350, 0, Ego, -502.374, -187.156, 0.000, 3.892, 0.000, 0.000, 2.985, 0.000, 3.126
9.350, 1, Obstacle, -512.073, -196.192, 0.000, 3.892, 0.000, 0.000, 0.000, 0.000, 0.000
9.400, 0, Ego, -502.482, -187.256, 0.000, 3.892, 0.000, 0.000, 2.935, 0.000, 3.545
9.400, 1, Obstacle, -512.073, -196.192, 0.000, 3.892, 0.000, 0.000, 0.000, 0.000, 0.000
9.450, 0, Ego, -502.587, -187.354, 0.000, 3.892, 0.000, 0.000, 2.885, 0.000, 3.957
9.450, 1, Obstacle, -512.073, -196.192, 0.000, 3.892, 0.000, 0.000, 0.000, 0.000, 0.000
9.500, 0, Ego, -502.691, -187.451, 0.000, 3.892, 0.000, 0.000, 2.836, 0.000, 4.362
9.500, 1, Obstacle, -512.073, -196.192, 0.000, 3.892, 0.000, 0.000, 0.000, 0.000, 0.000
9.550, 0, Ego, -502.793, -187.546, 0.000, 3.892, 0.000, 0.000, 2.788, 0.000, 4.761
9.550, 1, Obstacle, -512.073, -196.192, 0.000, 3.892, 0.000, 0.000, 0.000, 0.000, 0.000
9.600, 0, Ego, -502.893, -187.639, 0.000, 3.892, 0.000, 0.000, 2.740, 0.000, 5.152
9.600, 1, Obstacle, -512.073, -196.192, 0.000, 3.892, 0.000, 0.000, 0.000, 0.000, 0.000
9.650, 0, Ego, -502.992, -187.731, 0.000, 3.892, 0.000, 0.000, 2.694, 0.000, 5.537
9.650, 1, Obstacle, -512.073, -196.192, 0.000, 3.892, 0.000, 0.000, 0.000, 0.000, 0.000
9.700, 0, Ego, -503.089, -187.822, 0.000, 3.892, 0.000, 0.000, 2.649, 0.000, 5.915
9.700, 1, Obstacle, -512.073, -196.192, 0.000, 3.892, 0.000, 0.000, 0.000, 0.000, 0.000
9.750, 0, Ego, -503.184, -187.910, 0.000, 3.892, 0.000, 0.000, 2.605, 0.000, 0.004
9.750, 1, Obstacle, -512.073, -196.192, 0.000, 3.892, 0.000, 0.000, 0.000, 0.000, 0.000
9.800, 0, Ego, -503.278, -187.998, 0.000, 3.892, 0.000, 0.000, 2.562, 0.000, 0.370
9.800, 1, Obstacle, -512.073, -196.192, 0.000, 3.892, 0.000, 0.000, 0.000, 0.000, 0.000
9.850, 0, Ego, -503.370, -188.084, 0.000, 3.892, 0.000, 0.000, 2.520, 0.000, 0.730
9.850, 1, Obstacle, -512.073, -196.192, 0.000, 3.892, 0.000, 0.000, 0.000, 0.000, 0.000
9.900, 0, Ego, -503.460, -188.168, 0.000, 3.892, 0.000, 0.000, 2.479, 0.000, 1.084
9.900, 1, Obstacle, -512.073, -196.192, 0.000, 3.892, 0.000, 0.000, 0.000, 0.000, 0.000
9.950, 0, Ego, -503.550, -188.251, 0.000, 3.892, 0.000, 0.000, 2.439, 0.000, 1.433
9.950, 1, Obstacle, -512.073, -196.192, 0.000, 3.892, 0.000, 0.000, 0.000, 0.000, 0.000
10.000, 0, Ego, -503.637, -188.333, 0.000, 3.892, 0.000, 0.000, 2.399, 0.000, 1.776
10.000, 1, Obstacle, -512.073, -196.192, 0.000, 3.892, 0.000, 0.000, 0.000, 0.000, 0.000
10.050, 0, Ego, -503.724, -188.413, 0.000, 3.892, 0.000, 0.000, 2.360, 0.000, 2.113
10.050, 1, Obstacle, -512.073, -196.192, 0.000, 3.892, 0.000, 0.000, 0.000, 0.000, 0.000
10.100, 0, Ego, -503.809, -188.492, 0.000, 3.892, 0.000, 0.000, 2.322, 0.000, 2.444
10.100, 1, Obstacle, -512.073, -196.192, 0.000, 3.892, 0.000, 0.000, 0.000, 0.000, 0.000
10.150, 0, Ego, -503.892, -188.570, 0.000, 3.892, 0.000, 0.000, 2.284, 0.000, 2.771
10.150, 1, Obstacle, -512.073, -196.192, 0.000, 3.892, 0.000, 0.000, 0.000, 0.000, 0.000
10.200, 0, Ego, -503.974, -188.647, 0.000, 3.892, 0.000, 0.000, 2.247, 0.000, 3.092
10.200, 1, Obstacle, -512.073, -196.192, 0.000, 3.892, 0.000, 0.000, 0.000, 0.000, 0.000
10.250, 0, Ego, -504.055, -188.722, 0.000, 3.892, 0.000, 0.000, 2.210, 0.000, 3.407
10.250, 1, Obstacle, -512.073, -196.192, 0.000, 3.892, 0.000, 0.000, 0.000, 0.000, 0.000
10.300, 0, Ego, -504.135, -188.796, 0.000, 3.892, 0.000, 0.000, 2.174, 0.000, 3.718
10.300, 1, Obstacle, -512.073, -196.192, 0.000, 3.892, 0.000, 0.000, 0.000, 0.000, 0.000
10.350, 0, Ego, -504.213, -188.869, 0.000, 3.892, 0.000, 0.000, 2.138, 0.000, 4.023
10.350, 1, Obstacle, -512.073, -196.192, 0.000, 3.892, 0.000, 0.000, 0.000, 0.000, 0.000
10.400, 0, Ego, -504.290, -188.941, 0.000, 3.892, 0.000, 0.000, 2.103, 0.000, 4.324
10.400, 1, Obstacle, -512.073, -196.192, 0.000, 3.892, 0.000, 0.000, 0.000, 0.000, 0.000
10.450, 0, Ego, -504.366, -189.011, 0.000, 3.892, 0.000, 0.000, 2.069, 0.000, 4.619
10.450, 1, Obstacle, -512.073, -196.192, 0.000, 3.892, 0.000, 0.000, 0.000, 0.000, 0.000
10.500, 0, Ego, -504.440, -189.081, 0.000, 3.892, 0.000, 0.000, 2.035, 0.000, 4.910
10.500, 1, Obstacle, -512.073, -196.192, 0.000, 3.892, 0.000, 0.000, 0.000, 0.000, 0.000
10.550, 0, Ego, -504.513, -189.149, 0.000, 3.892, 0.000, 0.000, 2.001, 0.000, 5.196
10.550, 1, Obstacle, -512.073, -196.192, 0.000, 3.892, 0.000, 0.000, 0.000, 0.000, 0.000
10.600, 0, Ego, -504.585, -189.216, 0.000, 3.892, 0.000, 0.000, 1.968, 0.000, 5.477
10.600, 1, Obstacle, -512.073, -196.192, 0.000, 3.892, 0.000, 0.000, 0.000, 0.000, 0.000
10.650, 0, Ego, -504.656, -189.282, 0.000, 3.892, 0.000, 0.000, 1.934, 0.000, 5.753
10.650, 1, Obstacle, -512.073, -196.192, 0.000, 3.892, 0.000, 0.000, 0.000, 0.000, 0.000
10.700, 0, Ego, -504.726, -189.347, 0.000, 3.892, 0.000, 0.000, 1.898, 0.000, 6.024
10.700, 1, Obstacle, -512.073, -196.192, 0.000, 3.892, 0.000, 0.000, 0.000, 0.000, 0.000
10.750, 0, Ego, -504.794, -189.410, 0.000, 3.892, 0.000, 0.000, 1.860, 0.000, 0.007
10.750, 1, Obstacle, -512.073, -196.192, 0.000, 3.892, 0.000, 0.000, 0.000, 0.000, 0.000
10.800, 0, Ego, -504.860, -189.472, 0.000, 3.892, 0.000, 0.000, 1.822, 0.000, 0.267
10.800, 1, Obstacle, -512.073, -196.192, 0.000, 3.892, 0.000, 0.000, 0.000, 0.000, 0.000
10.850, 0, Ego, -504.926, -189.533, 0.000, 3.892, 0.000, 0.000, 1.784, 0.000, 0.522
10.850, 1, Obstacle, -512.073, -196.192, 0.000, 3.892, 0.000, 0.000, 0.000, 0.000, 0.000
10.900, 0, Ego, -504.989, -189.592, 0.000, 3.892, 0.000, 0.000, 1.744, 0.000, 0.771
10.900, 1, Obstacle, -512.073, -196.192, 0.000, 3.892, 0.000, 0.000, 0.000, 0.000, 0.000
10.950, 0, Ego, -505.052, -189.650, 0.000, 3.892, 0.000, 0.000, 1.704, 0.000, 1.015
10.950, 1, Obstacle, -512.073, -196.192, 0.000, 3.892, 0.000, 0.000, 0.000, 0.000, 0.000
11.000, 0, Ego, -505.113, -189.707, 0.000, 3.892, 0.000, 0.000, 1.664, 0.000, 1.253
11.000, 1, Obstacle, -512.073, -196.192, 0.000, 3.892, 0.000, 0.000, 0.000, 0.000, 0.000
11.050, 0, Ego, -505.172, -189.762, 0.000, 3.892, 0.000, 0.000, 1.624, 0.000, 1.485
11.050, 1, Obstacle, -512.073, -196.192, 0.000, 3.892, 0.000, 0.000, 0.000, 0.000, 0.000
11.100, 0, Ego, -505.230, -189.816, 0.000, 3.892, 0.000, 0.000, 1.584, 0.000, 1.711
11.100, 1, Obstacle, -512.073, -196.192, 0.000, 3.892, 0.000, 0.000, 0.000, 0.000, 0.000
11.150, 0, Ego, -505.286, -189.869, 0.000, 3.892, 0.000, 0.000, 1.543, 0.000, 1.931
11.150, 1, Obstacle, -512.073, -196.192, 0.000, 3.892, 0.000, 0.000, 0.000, 0.000, 0.000
11.200, 0, Ego, -505.341, -189.920, 0.000, 3.892, 0.000, 0.000, 1.503, 0.000, 2.146
11.200, 1, Obstacle, -512.073, -196.192, 0.000, 3.892, 0.000, 0.000, 0.000, 0.000, 0.000
11.250, 0, Ego, -505.395, -189.970, 0.000, 3.892, 0.000, 0.000, 1.464, 0.000, 2.355
11.250, 1, Obstacle, -512.073, -196.192, 0.000, 3.892, 0.000, 0.000, 0.000, 0.000, 0.000
11.300, 0, Ego, -505.447, -190.019, 0.000, 3.892, 0.000, 0.000, 1.424, 0.000, 2.559
11.300, 1, Obstacle, -512.073, -196.192, 0.000, 3.892, 0.000, 0.000, 0.000, 0.000, 0.000
11.350, 0, Ego, -505.498, -190.066, 0.000, 3.892, 0.000, 0.000, 1.385, 0.000, 2.756
11.350, 1, Obstacle, -512.073, -196.192, 0.000, 3.892, 0.000, 0.000, 0.000, 0.000, 0.000
11.400, 0, Ego, -505.547, -190.112, 0.000, 3.892, 0.000, 0.000, 1.346, 0.000, 2.949
11.400, 1, Obstacle, -512.073, -196.192, 0.000, 3.892, 0.000, 0.000, 0.000, 0.000, 0.000
11.450, 0, Ego, -505.595, -190.156, 0.000, 3.892, 0.000, 0.000, 1.308, 0.000, 3.136
11.450, 1, Obstacle, -512.073, -196.192, 0.000, 3.892, 0.000, 0.000, 0.000, 0.000, 0.000
11.500, 0, Ego, -505.641, -190.200, 0.000, 3.892, 0.000, 0.000, 1.271, 0.000, 3.317
11.500, 1, Obstacle, -512.073, -196.192, 0.000, 3.892, 0.000, 0.000, 0.000, 0.000, 0.000
11.550, 0, Ego, -505.686, -190.242, 0.000, 3.892, 0.000, 0.000, 1.234, 0.000, 3.493
11.550, 1, Obstacle, -512.073, -196.192, 0.000, 3.892, 0.000, 0.000, 0.000, 0.000, 0.000
11.600, 0, Ego, -505.730, -190.282, 0.000, 3.892, 0.000, 0.000, 1.197, 0.000, 3.664
11.600, 1, Obstacle, -512.073, -196.192, 0.000, 3.892, 0.000, 0.000, 0.000, 0.000, 0.000
11.650, 0, Ego, -505.773, -190.322, 0.000, 3.892, 0.000, 0.000, 1.161, 0.000, 3.830
11.650, 1, Obstacle, -512.073, -196.192, 0.000, 3.892, 0.000, 0.000, 0.000, 0.000, 0.000
11.700, 0, Ego, -505.814, -190.360, 0.000, 3.892, 0.000, 0.000, 1.126, 0.000, 3.991
11.700, 1, Obstacle, -512.073, -196.192, 0.000, 3.892, 0.000, 0.000, 0.000, 0.000, 0.000
11.750, 0, Ego, -505.854, -190.398, 0.000, 3.892, 0.000, 0.000, 1.092, 0.000, 4.147
11.750, 1, Obstacle, -512.073, -196.192, 0.000, 3.892, 0.000, 0.000, 0.000, 0.000, 0.000
11.800, 0, Ego, -505.893, -190.434, 0.000, 3.892, 0.000, 0.000, 1.058, 0.000, 4.298
11.800, 1, Obstacle, -512.073, -196.192, 0.000, 3.892, 0.000, 0.000, 0.000, 0.000, 0.000
11.850, 0, Ego, -505.930, -190.469, 0.000, 3.892, 0.000, 0.000, 1.025, 0.000, 4.445
11.850, 1, Obstacle, -512.073, -196.192, 0.000, 3.892, 0.000, 0.000, 0.000, 0.000, 0.000
11.900, 0, Ego, -505.966, -190.503, 0.000, 3.892, 0.000, 0.000, 0.993, 0.000, 4.587
11.900, 1, Obstacle, -512.073, -196.192, 0.000, 3.892, 0.000, 0.000, 0.000, 0.000, 0.000
11.950, 0, Ego, -506.002, -190.535, 0.000, 3.892, 0.000, 0.000, 0.962, 0.000, 4.724
11.950, 1, Obstacle, -512.073, -196.192, 0.000, 3.892, 0.000, 0.000, 0.000, 0.000, 0.000
12.000, 0, Ego, -506.036, -190.567, 0.000, 3.892, 0.000, 0.000, 0.931, 0.000, 4.857
12.000, 1, Obstacle, -512.073, -196.192, 0.000, 3.892, 0.000, 0.000, 0.000, 0.000, 0.000
12.050, 0, Ego, -506.069, -190.598, 0.000, 3.892, 0.000, 0.000, 0.901, 0.000, 4.986
12.050, 1, Obstacle, -512.073, -196.192, 0.000, 3.892, 0.000, 0.000, 0.000, 0.000, 0.000
12.100, 0, Ego, -506.101, -190.627, 0.000, 3.892, 0.000, 0.000, 0.872, 0.000, 5.110
12.100, 1, Obstacle, -512.073, -196.192, 0.000, 3.892, 0.000, 0.000, 0.000, 0.000, 0.000
12.150, 0, Ego, -506.131, -190.656, 0.000, 3.892, 0.000, 0.000, 0.843, 0.000, 5.231
12.150, 1, Obstacle, -512.073, -196.192, 0.000, 3.892, 0.000, 0.000, 0.000, 0.000, 0.000
12.200, 0, Ego, -506.161, -190.684, 0.000, 3.892, 0.000, 0.000, 0.815, 0.000, 5.347
12.200, 1, Obstacle, -512.073, -196.192, 0.000, 3.892, 0.000, 0.000, 0.000, 0.000, 0.000
12.250, 0, Ego, -506.190, -190.711, 0.000, 3.892, 0.000, 0.000, 0.788, 0.000, 5.460
12.250, 1, Obstacle, -512.073, -196.192, 0.000, 3.892, 0.000, 0.000, 0.000, 0.000, 0.000
12.300, 0, Ego, -506.218, -190.737, 0.000, 3.892, 0.000, 0.000, 0.762, 0.000, 5.569
12.300, 1, Obstacle, -512.073, -196.192, 0.000, 3.892, 0.000, 0.000, 0.000, 0.000, 0.000
12.350, 0, Ego, -506.245, -190.762, 0.000, 3.892, 0.000, 0.000, 0.736, 0.000, 5.674
12.350, 1, Obstacle, -512.073, -196.192, 0.000, 3.892, 0.000, 0.000, 0.000, 0.000, 0.000
12.400, 0, Ego, -506.271, -190.786, 0.000, 3.892, 0.000, 0.000, 0.712, 0.000, 5.775
12.400, 1, Obstacle, -512.073, -196.192, 0.000, 3.892, 0.000, 0.000, 0.000, 0.000, 0.000
12.450, 0, Ego, -506.296, -190.810, 0.000, 3.892, 0.000, 0.000, 0.687, 0.000, 5.874
12.450, 1, Obstacle, -512.073, -196.192, 0.000, 3.892, 0.000, 0.000, 0.000, 0.000, 0.000
12.500, 0, Ego, -506.320, -190.832, 0.000, 3.892, 0.000, 0.000, 0.664, 0.000, 5.969
12.500, 1, Obstacle, -512.073, -196.192, 0.000, 3.892, 0.000, 0.000, 0.000, 0.000, 0.000
12.550, 0, Ego, -506.344, -190.854, 0.000, 3.892, 0.000, 0.000, 0.641, 0.000, 6.060
12.550, 1, Obstacle, -512.073, -196.192, 0.000, 3.892, 0.000, 0.000, 0.000, 0.000, 0.000
12.600, 0, Ego, -506.366, -190.875, 0.000, 3.892, 0.000, 0.000, 0.619, 0.000, 6.149
12.600, 1, Obstacle, -512.073, -196.192, 0.000, 3.892, 0.000, 0.000, 0.000, 0.000, 0.000
12.650, 0, Ego, -506.388, -190.896, 0.000, 3.892, 0.000, 0.000, 0.598, 0.000, 6.234
12.650, 1, Obstacle, -512.073, -196.192, 0.000, 3.892, 0.000, 0.000, 0.000, 0.000, 0.000
12.700, 0, Ego, -506.409, -190.915, 0.000, 3.892, 0.000, 0.000, 0.577, 0.000, 0.033
12.700, 1, Obstacle, -512.073, -196.192, 0.000, 3.892, 0.000, 0.000, 0.000, 0.000, 0.000
12.750, 0, Ego, -506.430, -190.934, 0.000, 3.892, 0.000, 0.000, 0.557, 0.000, 0.113
12.750, 1, Obstacle, -512.073, -196.192, 0.000, 3.892, 0.000, 0.000, 0.000, 0.000, 0.000
12.800, 0, Ego, -506.449, -190.952, 0.000, 3.892, 0.000, 0.000, 0.537, 0.000, 0.190
12.800, 1, Obstacle, -512.073, -196.192, 0.000, 3.892, 0.000, 0.000, 0.000, 0.000, 0.000
12.850, 0, Ego, -506.468, -190.970, 0.000, 3.892, 0.000, 0.000, 0.518, 0.000, 0.264
12.850, 1, Obstacle, -512.073, -196.192, 0.000, 3.892, 0.000, 0.000, 0.000, 0.000, 0.000
12.900, 0, Ego, -506.487, -190.987, 0.000, 3.892, 0.000, 0.000, 0.500, 0.000, 0.335
12.900, 1, Obstacle, -512.073, -196.192, 0.000, 3.892, 0.000, 0.000, 0.000, 0.000, 0.000
12.950, 0, Ego, -506.504, -191.004, 0.000, 3.892, 0.000, 0.000, 0.482, 0.000, 0.404
12.950, 1, Obstacle, -512.073, -196.192, 0.000, 3.892, 0.000, 0.000, 0.000, 0.000, 0.000
13.000, 0, Ego, -506.521, -191.019, 0.000, 3.892, 0.000, 0.000, 0.465, 0.000, 0.470
13.000, 1, Obstacle, -512.073, -196.192, 0.000, 3.892, 0.000, 0.000, 0.000, 0.000, 0.000
13.050, 0, Ego, -506.538, -191.035, 0.000, 3.892, 0.000, 0.000, 0.449, 0.000, 0.534
13.050, 1, Obstacle, -512.073, -196.192, 0.000, 3.892, 0.000, 0.000, 0.000, 0.000, 0.000
13.100, 0, Ego, -506.554, -191.050, 0.000, 3.892, 0.000, 0.000, 0.432, 0.000, 0.596
13.100, 1, Obstacle, -512.073, -196.192, 0.000, 3.892, 0.000, 0.000, 0.000, 0.000, 0.000
13.150, 0, Ego, -506.569, -191.064, 0.000, 3.892, 0.000, 0.000, 0.417, 0.000, 0.656
13.150, 1, Obstacle, -512.073, -196.192, 0.000, 3.892, 0.000, 0.000, 0.000, 0.000, 0.000
13.200, 0, Ego, -506.584, -191.077, 0.000, 3.892, 0.000, 0.000, 0.402, 0.000, 0.713
13.200, 1, Obstacle, -512.073, -196.192, 0.000, 3.892, 0.000, 0.000, 0.000, 0.000, 0.000
13.250, 0, Ego, -506.598, -191.091, 0.000, 3.892, 0.000, 0.000, 0.387, 0.000, 0.768
13.250, 1, Obstacle, -512.073, -196.192, 0.000, 3.892, 0.000, 0.000, 0.000, 0.000, 0.000
13.300, 0, Ego, -506.611, -191.103, 0.000, 3.892, 0.000, 0.000, 0.373, 0.000, 0.822
13.300, 1, Obstacle, -512.073, -196.192, 0.000, 3.892, 0.000, 0.000, 0.000, 0.000, 0.000
13.350, 0, Ego, -506.625, -191.116, 0.000, 3.892, 0.000, 0.000, 0.360, 0.000, 0.873
13.350, 1, Obstacle, -512.073, -196.192, 0.000, 3.892, 0.000, 0.000, 0.000, 0.000, 0.000
13.400, 0, Ego, -506.637, -191.127, 0.000, 3.892, 0.000, 0.000, 0.347, 0.000, 0.923
13.400, 1, Obstacle, -512.073, -196.192, 0.000, 3.892, 0.000, 0.000, 0.000, 0.000, 0.000
13.450, 0, Ego, -506.649, -191.139, 0.000, 3.892, 0.000, 0.000, 0.334, 0.000, 0.970
13.450, 1, Obstacle, -512.073, -196.192, 0.000, 3.892, 0.000, 0.000, 0.000, 0.000, 0.000
13.500, 0, Ego, -506.661, -191.150, 0.000, 3.892, 0.000, 0.000, 0.322, 0.000, 1.016
13.500, 1, Obstacle, -512.073, -196.192, 0.000, 3.892, 0.000, 0.000, 0.000, 0.000, 0.000
13.550, 0, Ego, -506.673, -191.160, 0.000, 3.892, 0.000, 0.000, 0.310, 0.000, 1.061
13.550, 1, Obstacle, -512.073, -196.192, 0.000, 3.892, 0.000, 0.000, 0.000, 0.000, 0.000
13.600, 0, Ego, -506.683, -191.170, 0.000, 3.892, 0.000, 0.000, 0.298, 0.000, 1.103
13.600, 1, Obstacle, -512.073, -196.192, 0.000, 3.892, 0.000, 0.000, 0.000, 0.000, 0.000
13.650, 0, Ego, -506.694, -191.180, 0.000, 3.892, 0.000, 0.000, 0.287, 0.000, 1.144
13.650, 1, Obstacle, -512.073, -196.192, 0.000, 3.892, 0.000, 0.000, 0.000, 0.000, 0.000
13.700, 0, Ego, -506.704, -191.190, 0.000, 3.892, 0.000, 0.000, 0.277, 0.000, 1.184
13.700, 1, Obstacle, -512.073, -196.192, 0.000, 3.892, 0.000, 0.000, 0.000, 0.000, 0.000
13.750, 0, Ego, -506.714, -191.199, 0.000, 3.892, 0.000, 0.000, 0.267, 0.000, 1.222
13.750, 1, Obstacle, -512.073, -196.192, 0.000, 3.892, 0.000, 0.000, 0.000, 0.000, 0.000
13.800, 0, Ego, -506.723, -191.208, 0.000, 3.892, 0.000, 0.000, 0.257, 0.000, 1.259
13.800, 1, Obstacle, -512.073, -196.192, 0.000, 3.892, 0.000, 0.000, 0.000, 0.000, 0.000
13.850, 0, Ego, -506.732, -191.216, 0.000, 3.892, 0.000, 0.000, 0.247, 0.000, 1.294
13.850, 1, Obstacle, -512.073, -196.192, 0.000, 3.892, 0.000, 0.000, 0.000, 0.000, 0.000
13.900, 0, Ego, -506.741, -191.224, 0.000, 3.892, 0.000, 0.000, 0.238, 0.000, 1.328
13.900, 1, Obstacle, -512.073, -196.192, 0.000, 3.892, 0.000, 0.000, 0.000, 0.000, 0.000
13.950, 0, Ego, -506.749, -191.232, 0.000, 3.892, 0.000, 0.000, 0.229, 0.000, 1.361
13.950, 1, Obstacle, -512.073, -196.192, 0.000, 3.892, 0.000, 0.000, 0.000, 0.000, 0.000
14.000, 0, Ego, -506.757, -191.239, 0.000, 3.892, 0.000, 0.000, 0.220, 0.000, 1.392
14.000, 1, Obstacle, -512.073, -196.192, 0.000, 3.892, 0.000, 0.000, 0.000, 0.000, 0.000
14.050, 0, Ego, -506.765, -191.247, 0.000, 3.892, 0.000, 0.000, 0.212, 0.000, 1.422
14.050, 1, Obstacle, -512.073, -196.192, 0.000, 3.892, 0.000, 0.000, 0.000, 0.000, 0.000
14.100, 0, Ego, -506.773, -191.254, 0.000, 3.892, 0.000, 0.000, 0.204, 0.000, 1.451
14.100, 1, Obstacle, -512.073, -196.192, 0.000, 3.892, 0.000, 0.000, 0.000, 0.000, 0.000
14.150, 0, Ego, -506.780, -191.260, 0.000, 3.892, 0.000, 0.000, 0.196, 0.000, 1.480
14.150, 1, Obstacle, -512.073, -196.192, 0.000, 3.892, 0.000, 0.000, 0.000, 0.000, 0.000
14.200, 0, Ego, -506.787, -191.267, 0.000, 3.892, 0.000, 0.000, 0.189, 0.000, 1.507
14.200, 1, Obstacle, -512.073, -196.192, 0.000, 3.892, 0.000, 0.000, 0.000, 0.000, 0.000
14.250, 0, Ego, -506.793, -191.273, 0.000, 3.892, 0.000, 0.000, 0.182, 0.000, 1.533
14.250, 1, Obstacle, -512.073, -196.192, 0.000, 3.892, 0.000, 0.000, 0.000, 0.000, 0.000
14.300, 0, Ego, -506.800, -191.279, 0.000, 3.892, 0.000, 0.000, 0.175, 0.000, 1.558
14.300, 1, Obstacle, -512.073, -196.192, 0.000, 3.892, 0.000, 0.000, 0.000, 0.000, 0.000
14.350, 0, Ego, -506.806, -191.285, 0.000, 3.892, 0.000, 0.000, 0.168, 0.000, 1.582
14.350, 1, Obstacle, -512.073, -196.192, 0.000, 3.892, 0.000, 0.000, 0.000, 0.000, 0.000
14.400, 0, Ego, -506.812, -191.290, 0.000, 3.892, 0.000, 0.000, 0.162, 0.000, 1.605
14.400, 1, Obstacle, -512.073, -196.192, 0.000, 3.892, 0.000, 0.000, 0.000, 0.000, 0.000
14.450, 0, Ego, -506.818, -191.295, 0.000, 3.892, 0.000, 0.000, 0.156, 0.000, 1.627
14.450, 1, Obstacle, -512.073, -196.192, 0.000, 3.892, 0.000, 0.000, 0.000, 0.000, 0.000
14.500, 0, Ego, -506.823, -191.301, 0.000, 3.892, 0.000, 0.000, 0.150, 0.000, 1.648
14.500, 1, Obstacle, -512.073, -196.192, 0.000, 3.892, 0.000, 0.000, 0.000, 0.000, 0.000
14.550, 0, Ego, -506.828, -191.305, 0.000, 3.892, 0.000, 0.000, 0.144, 0.000, 1.669
14.550, 1, Obstacle, -512.073, -196.192, 0.000, 3.892, 0.000, 0.000, 0.000, 0.000, 0.000
14.600, 0, Ego, -506.833, -191.310, 0.000, 3.892, 0.000, 0.000, 0.139, 0.000, 1.689
14.600, 1, Obstacle, -512.073, -196.192, 0.000, 3.892, 0.000, 0.000, 0.000, 0.000, 0.000
14.650, 0, Ego, -506.838, -191.315, 0.000, 3.892, 0.000, 0.000, 0.133, 0.000, 1.708
14.650, 1, Obstacle, -512.073, -196.192, 0.000, 3.892, 0.000, 0.000, 0.000, 0.000, 0.000
14.700, 0, Ego, -506.843, -191.319, 0.000, 3.892, 0.000, 0.000, 0.128, 0.000, 1.726
14.700, 1, Obstacle, -512.073, -196.192, 0.000, 3.892, 0.000, 0.000, 0.000, 0.000, 0.000
14.750, 0, Ego, -506.848, -191.323, 0.000, 3.892, 0.000, 0.000, 0.123, 0.000, 1.744
14.750, 1, Obstacle, -512.073, -196.192, 0.000, 3.892, 0.000, 0.000, 0.000, 0.000, 0.000
14.800, 0, Ego, -506.852, -191.327, 0.000, 3.892, 0.000, 0.000, 0.119, 0.000, 1.761
14.800, 1, Obstacle, -512.073, -196.192, 0.000, 3.892, 0.000, 0.000, 0.000, 0.000, 0.000
14.850, 0, Ego, -506.856, -191.331, 0.000, 3.892, 0.000, 0.000, 0.114, 0.000, 1.777
14.850, 1, Obstacle, -512.073, -196.192, 0.000, 3.892, 0.000, 0.000, 0.000, 0.000, 0.000
14.900, 0, Ego, -506.860, -191.335, 0.000, 3.892, 0.000, 0.000, 0.110, 0.000, 1.793
14.900, 1, Obstacle, -512.073, -196.192, 0.000, 3.892, 0.000, 0.000, 0.000, 0.000, 0.000
14.950, 0, Ego, -506.864, -191.339, 0.000, 3.892, 0.000, 0.000, 0.106, 0.000, 1.808
14.950, 1, Obstacle, -512.073, -196.192, 0.000, 3.892, 0.000, 0.000, 0.000, 0.000, 0.000
15.000, 0, Ego, -506.868, -191.342, 0.000, 3.892, 0.000, 0.000, 0.101, 0.000, 1.822
15.000, 1, Obstacle, -512.073, -196.192, 0.000, 3.892, 0.000, 0.000, 0.000, 0.000, 0.000
15.050, 0, Ego, -506.871, -191.345, 0.000, 3.892, 0.000, 0.000, 0.098, 0.000, 1.836
15.050, 1, Obstacle, -512.073, -196.192, 0.000, 3.892, 0.000, 0.000, 0.000, 0.000, 0.000
15.100, 0, Ego, -506.875, -191.349, 0.000, 3.892, 0.000, 0.000, 0.094, 0.000, 1.850
15.100, 1, Obstacle, -512.073, -196.192, 0.000, 3.892, 0.000, 0.000, 0.000, 0.000, 0.000
15.150, 0, Ego, -506.878, -191.352, 0.000, 3.892, 0.000, 0.000, 0.090, 0.000, 1.863
15.150, 1, Obstacle, -512.073, -196.192, 0.000, 3.892, 0.000, 0.000, 0.000, 0.000, 0.000
15.200, 0, Ego, -506.881, -191.355, 0.000, 3.892, 0.000, 0.000, 0.087, 0.000, 1.875
15.200, 1, Obstacle, -512.073, -196.192, 0.000, 3.892, 0.000, 0.000, 0.000, 0.000, 0.000
15.250, 0, Ego, -506.884, -191.357, 0.000, 3.892, 0.000, 0.000, 0.083, 0.000, 1.887
15.250, 1, Obstacle, -512.073, -196.192, 0.000, 3.892, 0.000, 0.000, 0.000, 0.000, 0.000
15.300, 0, Ego, -506.887, -191.360, 0.000, 3.892, 0.000, 0.000, 0.080, 0.000, 1.898
15.300, 1, Obstacle, -512.073, -196.192, 0.000, 3.892, 0.000, 0.000, 0.000, 0.000, 0.000
15.350, 0, Ego, -506.890, -191.363, 0.000, 3.892, 0.000, 0.000, 0.077, 0.000, 1.909
15.350, 1, Obstacle, -512.073, -196.192, 0.000, 3.892, 0.000, 0.000, 0.000, 0.000, 0.000
15.400, 0, Ego, -506.893, -191.365, 0.000, 3.892, 0.000, 0.000, 0.074, 0.000, 1.920
15.400, 1, Obstacle, -512.073, -196.192, 0.000, 3.892, 0.000, 0.000, 0.000, 0.000, 0.000
15.450, 0, Ego, -506.895, -191.368, 0.000, 3.892, 0.000, 0.000, 0.071, 0.000, 1.930
15.450, 1, Obstacle, -512.073, -196.192, 0.000, 3.892, 0.000, 0.000, 0.000, 0.000, 0.000
15.500, 0, Ego, -506.898, -191.370, 0.000, 3.892, 0.000, 0.000, 0.068, 0.000, 1.940
15.500, 1, Obstacle, -512.073, -196.192, 0.000, 3.892, 0.000, 0.000, 0.000, 0.000, 0.000
15.550, 0, Ego, -506.900, -191.372, 0.000, 3.892, 0.000, 0.000, 0.066, 0.000, 1.949
15.550, 1, Obstacle, -512.073, -196.192, 0.000, 3.892, 0.000, 0.000, 0.000, 0.000, 0.000
15.600, 0, Ego, -506.902, -191.374, 0.000, 3.892, 0.000, 0.000, 0.063, 0.000, 1.958
15.600, 1, Obstacle, -512.073, -196.192, 0.000, 3.892, 0.000, 0.000, 0.000, 0.000, 0.000
15.650, 0, Ego, -506.905, -191.377, 0.000, 3.892, 0.000, 0.000, 0.061, 0.000, 1.967
15.650, 1, Obstacle, -512.073, -196.192, 0.000, 3.892, 0.000, 0.000, 0.000, 0.000, 0.000
15.700, 0, Ego, -506.907, -191.379, 0.000, 3.892, 0.000, 0.000, 0.058, 0.000, 1.975
15.700, 1, Obstacle, -512.073, -196.192, 0.000, 3.892, 0.000, 0.000, 0.000, 0.000, 0.000
15.750, 0, Ego, -506.909, -191.380, 0.000, 3.892, 0.000, 0.000, 0.056, 0.000, 1.983
15.750, 1, Obstacle, -512.073, -196.192, 0.000, 3.892, 0.000, 0.000, 0.000, 0.000, 0.000
15.800, 0, Ego, -506.911, -191.382, 0.000, 3.892, 0.000, 0.000, 0.054, 0.000, 1.991
15.800, 1, Obstacle, -512.073, -196.192, 0.000, 3.892, 0.000, 0.000, 0.000, 0.000, 0.000
15.850, 0, Ego, -506.913, -191.384, 0.000, 3.892, 0.000, 0.000, 0.052, 0.000, 1.998
15.850, 1, Obstacle, -512.073, -196.192, 0.000, 3.892, 0.000, 0.000, 0.000, 0.000, 0.000
15.900, 0, Ego, -506.914, -191.386, 0.000, 3.892, 0.000, 0.000, 0.050, 0.000, 2.005
15.900, 1, Obstacle, -512.073, -196.192, 0.000, 3.892, 0.000, 0.000, 0.000, 0.000, 0.000
15.950, 0, Ego, -506.916, -191.387, 0.000, 3.892, 0.000, 0.000, 0.048, 0.000, 2.012
15.950, 1, Obstacle, -512.073, -196.192, 0.000, 3.892, 0.000, 0.000, 0.000, 0.000, 0.000
16.000, 0, Ego, -506.918, -191.389, 0.000, 3.892, 0.000, 0.000, 0.046, 0.000, 2.019
16.000, 1, Obstacle, -512.073, -196.192, 0.000, 3.892, 0.000, 0.000, 0.000, 0.000, 0.000
16.050, 0, Ego, -506.920, -191.390, 0.000, 3.892, 0.000, 0.000, 0.044, 0.000, 2.025
16.050, 1, Obstacle, -512.073, -196.192, 0.000, 3.892, 0.000, 0.000, 0.000, 0.000, 0.000
16.100, 0, Ego, -506.921, -191.392, 0.000, 3.892, 0.000, 0.000, 0.042, 0.000, 2.031
16.100, 1, Obstacle, -512.073, -196.192, 0.000, 3.892, 0.000, 0.000, 0.000, 0.000, 0.000
16.150, 0, Ego, -506.923, -191.393, 0.000, 3.892, 0.000, 0.000, 0.041, 0.000, 2.037
16.150, 1, Obstacle, -512.073, -196.192, 0.000, 3.892, 0.000, 0.000, 0.000, 0.000, 0.000
16.200, 0, Ego, -506.924, -191.395, 0.000, 3.892, 0.000, 0.000, 0.039, 0.000, 2.043
16.200, 1, Obstacle, -512.073, -196.192, 0.000, 3.892, 0.000, 0.000, 0.000, 0.000, 0.000
16.250, 0, Ego, -506.925, -191.396, 0.000, 3.892, 0.000, 0.000, 0.038, 0.000, 2.048
16.250, 1, Obstacle, -512.073, -196.192, 0.000, 3.892, 0.000, 0.000, 0.000, 0.000, 0.000
16.300, 0, Ego, -506.927, -191.397, 0.000, 3.892, 0.000, 0.000, 0.036, 0.000, 2.053
16.300, 1, Obstacle, -512.073, -196.192, 0.000, 3.892, 0.000, 0.000, 0.000, 0.000, 0.000
16.350, 0, Ego, -506.928, -191.398, 0.000, 3.892, 0.000, 0.000, 0.035, 0.000, 2.058
16.350, 1, Obstacle, -512.073, -196.192, 0.000, 3.892, 0.000, 0.000, 0.000, 0.000, 0.000
16.400, 0, Ego, -506.929, -191.399, 0.000, 3.892, 0.000, 0.000, 0.033, 0.000, 2.063
16.400, 1, Obstacle, -512.073, -196.192, 0.000, 3.892, 0.000, 0.000, 0.000, 0.000, 0.000
16.450, 0, Ego, -506.930, -191.401, 0.000, 3.892, 0.000, 0.000, 0.032, 0.000, 2.068
16.450, 1, Obstacle, -512.073, -196.192, 0.000, 3.892, 0.000, 0.000, 0.000, 0.000, 0.000
16.500, 0, Ego, -506.932, -191.402, 0.000, 3.892, 0.000, 0.000, 0.031, 0.000, 2.072
16.500, 1, Obstacle, -512.073, -196.192, 0.000, 3.892, 0.000, 0.000, 0.000, 0.000, 0.000
16.550, 0, Ego, -506.933, -191.403, 0.000, 3.892, 0.000, 0.000, 0.030, 0.000, 2.076
16.550, 1, Obstacle, -512.073, -196.192, 0.000, 3.892, 0.000, 0.000, 0.000, 0.000, 0.000
16.600, 0, Ego, -506.934, -191.404, 0.000, 3.892, 0.000, 0.000, 0.028, 0.000, 2.080
16.600, 1, Obstacle, -512.073, -196.192, 0.000, 3.892, 0.000, 0.000, 0.000, 0.000, 0.000
16.650, 0, Ego, -506.935, -191.404, 0.000, 3.892, 0.000, 0.000, 0.027, 0.000, 2.084
16.650, 1, Obstacle, -512.073, -196.192, 0.000, 3.892, 0.000, 0.000, 0.000, 0.000, 0.000
16.700, 0, Ego, -506.936, -191.405, 0.000, 3.892, 0.000, 0.000, 0.026, 0.000, 2.088
16.700, 1, Obstacle, -512.073, -196.192, 0.000, 3.892, 0.000, 0.000, 0.000, 0.000, 0.000
16.750, 0, Ego, -506.937, -191.406, 0.000, 3.892, 0.000, 0.000, 0.025, 0.000, 2.092
16.750, 1, Obstacle, -512.073, -196.192, 0.000, 3.892, 0.000, 0.000, 0.000, 0.000, 0.000
16.800, 0, Ego, -506.937, -191.407, 0.000, 3.892, 0.000, 0.000, 0.024, 0.000, 2.095
16.800, 1, Obstacle, -512.073, -196.192, 0.000, 3.892, 0.000, 0.000, 0.000, 0.000, 0.000
16.850, 0, Ego, -506.938, -191.408, 0.000, 3.892, 0.000, 0.000, 0.023, 0.000, 2.098
16.850, 1, Obstacle, -512.073, -196.192, 0.000, 3.892, 0.000, 0.000, 0.000, 0.000, 0.000
16.900, 0, Ego, -506.939, -191.409, 0.000, 3.892, 0.000, 0.000, 0.022, 0.000, 2.101
16.900, 1, Obstacle, -512.073, -196.192, 0.000, 3.892, 0.000, 0.000, 0.000, 0.000, 0.000
16.950, 0, Ego, -506.940, -191.409, 0.000, 3.892, 0.000, 0.000, 0.021, 0.000, 2.105
16.950, 1, Obstacle, -512.073, -196.192, 0.000, 3.892, 0.000, 0.000, 0.000, 0.000, 0.000
17.000, 0, Ego, -506.941, -191.410, 0.000, 3.892, 0.000, 0.000, 0.021, 0.000, 2.107
17.000, 1, Obstacle, -512.073, -196.192, 0.000, 3.892, 0.000, 0.000, 0.000, 0.000, 0.000
17.050, 0, Ego, -506.941, -191.411, 0.000, 3.892, 0.000, 0.000, 0.020, 0.000, 2.110
17.050, 1, Obstacle, -512.073, -196.192, 0.000, 3.892, 0.000, 0.000, 0.000, 0.000, 0.000
17.100, 0, Ego, -506.942, -191.411, 0.000, 3.892, 0.000, 0.000, 0.019, 0.000, 2.113
17.100, 1, Obstacle, -512.073, -196.192, 0.000, 3.892, 0.000, 0.000, 0.000, 0.000, 0.000
17.150, 0, Ego, -506.943, -191.412, 0.000, 3.892, 0.000, 0.000, 0.018, 0.000, 2.116
17.150, 1, Obstacle, -512.073, -196.192, 0.000, 3.892, 0.000, 0.000, 0.000, 0.000, 0.000
17.200, 0, Ego, -506.943, -191.413, 0.000, 3.892, 0.000, 0.000, 0.018, 0.000, 2.118
17.200, 1, Obstacle, -512.073, -196.192, 0.000, 3.892, 0.000, 0.000, 0.000, 0.000, 0.000
17.250, 0, Ego, -506.944, -191.413, 0.000, 3.892, 0.000, 0.000, 0.017, 0.000, 2.121
17.250, 1, Obstacle, -512.073, -196.192, 0.000, 3.892, 0.000, 0.000, 0.000, 0.000, 0.000
17.300, 0, Ego, -506.945, -191.414, 0.000, 3.892, 0.000, 0.000, 0.016, 0.000, 2.123
17.300, 1, Obstacle, -512.073, -196.192, 0.000, 3.892, 0.000, 0.000, 0.000, 0.000, 0.000
17.350, 0, Ego, -506.945, -191.414, 0.000, 3.892, 0.000, 0.000, 0.016, 0.000, 2.125
17.350, 1, Obstacle, -512.073, -196.192, 0.000, 3.892, 0.000, 0.000, 0.000, 0.000, 0.000
17.400, 0, Ego, -506.946, -191.415, 0.000, 3.892, 0.000, 0.000, 0.015, 0.000, 2.127
17.400, 1, Obstacle, -512.073, -196.192, 0.000, 3.892, 0.000, 0.000, 0.000, 0.000, 0.000
17.450, 0, Ego, -506.946, -191.415, 0.000, 3.892, 0.000, 0.000, 0.014, 0.000, 2.129
17.450, 1, Obstacle, -512.073, -196.192, 0.000, 3.892, 0.000, 0.000, 0.000, 0.000, 0.000
17.500, 0, Ego, -506.947, -191.416, 0.000, 3.892, 0.000, 0.000, 0.014, 0.000, 2.131
17.500, 1, Obstacle, -512.073, -196.192, 0.000, 3.892, 0.000, 0.000, 0.000, 0.000, 0.000
17.550, 0, Ego, -506.947, -191.416, 0.000, 3.892, 0.000, 0.000, 0.013, 0.000, 2.133
17.550, 1, Obstacle, -512.073, -196.192, 0.000, 3.892, 0.000, 0.000, 0.000, 0.000, 0.000
17.600, 0, Ego, -506.948, -191.417, 0.000, 3.892, 0.000, 0.000, 0.013, 0.000, 2.135
17.600, 1, Obstacle, -512.073, -196.192, 0.000, 3.892, 0.000, 0.000, 0.000, 0.000, 0.000
17.650, 0, Ego, -506.948, -191.417, 0.000, 3.892, 0.000, 0.000, 0.012, 0.000, 2.137
17.650, 1, Obstacle, -512.073, -196.192, 0.000, 3.892, 0.000, 0.000, 0.000, 0.000, 0.000
17.700, 0, Ego, -506.949, -191.417, 0.000, 3.892, 0.000, 0.000, 0.012, 0.000, 2.138
17.700, 1, Obstacle, -512.073, -196.192, 0.000, 3.892, 0.000, 0.000, 0.000, 0.000, 0.000
17.750, 0, Ego, -506.949, -191.418, 0.000, 3.892, 0.000, 0.000, 0.011, 0.000, 2.140
17.750, 1, Obstacle, -512.073, -196.192, 0.000, 3.892, 0.000, 0.000, 0.000, 0.000, 0.000
17.800, 0, Ego, -506.949, -191.418, 0.000, 3.892, 0.000, 0.000, 0.011, 0.000, 2.142
17.800, 1, Obstacle, -512.073, -196.192, 0.000, 3.892, 0.000, 0.000, 0.000, 0.000, 0.000
17.850, 0, Ego, -506.950, -191.419, 0.000, 3.892, 0.000, 0.000, 0.010, 0.000, 2.143
17.850, 1, Obstacle, -512.073, -196.192, 0.000, 3.892, 0.000, 0.000, 0.000, 0.000, 0.000
17.900, 0, Ego, -506.950, -191.419, 0.000, 3.892, 0.000, 0.000, 0.010, 0.000, 2.144
17.900, 1, Obstacle, -512.073, -196.192, 0.000, 3.892, 0.000, 0.000, 0.000, 0.000, 0.000
17.950, 0, Ego, -506.950, -191.419, 0.000, 3.892, 0.000, 0.000, 0.010, 0.000, 2.146
17.950, 1, Obstacle, -512.073, -196.192, 0.000, 3.892, 0.000, 0.000, 0.000, 0.000, 0.000
18.000, 0, Ego, -506.951, -191.420, 0.000, 3.892, 0.000, 0.000, 0.009, 0.000, 2.147
18.000, 1, Obstacle, -512.073, -196.192, 0.000, 3.892, 0.000, 0.000, 0.000, 0.000, 0.000
18.050, 0, Ego, -506.951, -191.420, 0.000, 3.892, 0.000, 0.000, 0.009, 0.000, 2.148
18.050, 1, Obstacle, -512.073, -196.192, 0.000, 3.892, 0.000, 0.000, 0.000, 0.000, 0.000
18.100, 0, Ego, -506.951, -191.420, 0.000, 3.892, 0.000, 0.000, 0.008, 0.000, 2.150
18.100, 1, Obstacle, -512.073, -196.192, 0.000, 3.892, 0.000, 0.000, 0.000, 0.000, 0.000
18.150, 0, Ego, -506.952, -191.420, 0.000, 3.892, 0.000, 0.000, 0.008, 0.000, 2.151
18.150, 1, Obstacle, -512.073, -196.192, 0.000, 3.892, 0.000, 0.000, 0.000, 0.000, 0.000
18.200, 0, Ego, -506.952, -191.421, 0.000, 3.892, 0.000, 0.000, 0.008, 0.000, 2.152
18.200, 1, Obstacle, -512.073, -196.192, 0.000, 3.892, 0.000, 0.000, 0.000, 0.000, 0.000
18.250, 0, Ego, -506.952, -191.421, 0.000, 3.892, 0.000, 0.000, 0.008, 0.000, 2.153
18.250, 1, Obstacle, -512.073, -196.192, 0.000, 3.892, 0.000, 0.000, 0.000, 0.000, 0.000
18.300, 0, Ego, -506.953, -191.421, 0.000, 3.892, 0.000, 0.000, 0.007, 0.000, 2.154
18.300, 1, Obstacle, -512.073, -196.192, 0.000, 3.892, 0.000, 0.000, 0.000, 0.000, 0.000
18.350, 0, Ego, -506.953, -191.421, 0.000, 3.892, 0.000, 0.000, 0.007, 0.000, 2.155
18.350, 1, Obstacle, -512.073, -196.192, 0.000, 3.892, 0.000, 0.000, 0.000, 0.000, 0.000
18.400, 0, Ego, -506.953, -191.422, 0.000, 3.892, 0.000, 0.000, 0.007, 0.000, 2.156
18.400, 1, Obstacle, -512.073, -196.192, 0.000, 3.892, 0.000, 0.000, 0.000, 0.000, 0.000
18.450, 0, Ego, -506.953, -191.422, 0.000, 3.892, 0.000, 0.000, 0.006, 0.000, 2.157
18.450, 1, Obstacle, -512.073, -196.192, 0.000, 3.892, 0.000, 0.000, 0.000, 0.000, 0.000
18.500, 0, Ego, -506.953, -191.422, 0.000, 3.892, 0.000, 0.000, 0.006, 0.000, 2.158
18.500, 1, Obstacle, -512.073, -196.192, 0.000, 3.892, 0.000, 0.000, 0.000, 0.000, 0.000
18.550, 0, Ego, -506.954, -191.422, 0.000, 3.892, 0.000, 0.000, 0.006, 0.000, 2.159
18.550, 1, Obstacle, -512.073, -196.192, 0.000, 3.892, 0.000, 0.000, 0.000, 0.000, 0.000
18.600, 0, Ego, -506.954, -191.422, 0.000, 3.892, 0.000, 0.000, 0.006, 0.000, 2.159
18.600, 1, Obstacle, -512.073, -196.192, 0.000, 3.892, 0.000, 0.000, 0.000, 0.000, 0.000
18.650, 0, Ego, -506.954, -191.423, 0.000, 3.892, 0.000, 0.000, 0.005, 0.000, 2.160
18.650, 1, Obstacle, -512.073, -196.192, 0.000, 3.892, 0.000, 0.000, 0.000, 0.000, 0.000
18.700, 0, Ego, -506.954, -191.423, 0.000, 3.892, 0.000, 0.000, 0.005, 0.000, 2.161
18.700, 1, Obstacle, -512.073, -196.192, 0.000, 3.892, 0.000, 0.000, 0.000, 0.000, 0.000
18.750, 0, Ego, -506.954, -191.423, 0.000, 3.892, 0.000, 0.000, 0.005, 0.000, 2.162
18.750, 1, Obstacle, -512.073, -196.192, 0.000, 3.892, 0.000, 0.000, 0.000, 0.000, 0.000
18.800, 0, Ego, -506.955, -191.423, 0.000, 3.892, 0.000, 0.000, 0.005, 0.000, 2.162
18.800, 1, Obstacle, -512.073, -196.192, 0.000, 3.892, 0.000, 0.000, 0.000, 0.000, 0.000
18.850, 0, Ego, -506.955, -191.423, 0.000, 3.892, 0.000, 0.000, 0.005, 0.000, 2.163
18.850, 1, Obstacle, -512.073, -196.192, 0.000, 3.892, 0.000, 0.000, 0.000, 0.000, 0.000
18.900, 0, Ego, -506.955, -191.423, 0.000, 3.892, 0.000, 0.000, 0.004, 0.000, 2.164
18.900, 1, Obstacle, -512.073, -196.192, 0.000, 3.892, 0.000, 0.000, 0.000, 0.000, 0.000
18.950, 0, Ego, -506.955, -191.424, 0.000, 3.892, 0.000, 0.000, 0.004, 0.000, 2.164
18.950, 1, Obstacle, -512.073, -196.192, 0.000, 3.892, 0.000, 0.000, 0.000, 0.000, 0.000
19.000, 0, Ego, -506.955, -191.424, 0.000, 3.892, 0.000, 0.000, 0.004, 0.000, 2.165
19.000, 1, Obstacle, -512.073, -196.192, 0.000, 3.892, 0.000, 0.000, 0.000, 0.000, 0.000
19.050, 0, Ego, -506.955, -191.424, 0.000, 3.892, 0.000, 0.000, 0.004, 0.000, 2.165
19.050, 1, Obstacle, -512.073, -196.192, 0.000, 3.892, 0.000, 0.000, 0.000, 0.000, 0.000
19.100, 0, Ego, -506.956, -191.424, 0.000, 3.892, 0.000, 0.000, 0.004, 0.000, 2.166
19.100, 1, Obstacle, -512.073, -196.192, 0.000, 3.892, 0.000, 0.000, 0.000, 0.000, 0.000
19.150, 0, Ego, -506.956, -191.424, 0.000, 3.892, 0.000, 0.000, 0.004, 0.000, 2.166
19.150, 1, Obstacle, -512.073, -196.192, 0.000, 3.892, 0.000, 0.000, 0.000, 0.000, 0.000
19.200, 0, Ego, -506.956, -191.424, 0.000, 3.892, 0.000, 0.000, 0.003, 0.000, 2.167
19.200, 1, Obstacle, -512.073, -196.192, 0.000, 3.892, 0.000, 0.000, 0.000, 0.000, 0.000
19.250, 0, Ego, -506.956, -191.424, 0.000, 3.892, 0.000, 0.000, 0.003, 0.000, 2.167
19.250, 1, Obstacle, -512.073, -196.192, 0.000, 3.892, 0.000, 0.000, 0.000, 0.000, 0.000
19.300, 0, Ego, -506.956, -191.424, 0.000, 3.892, 0.000, 0.000, 0.003, 0.000, 2.168
19.300, 1, Obstacle, -512.073, -196.192, 0.000, 3.892, 0.000, 0.000, 0.000, 0.000, 0.000
19.350, 0, Ego, -506.956, -191.425, 0.000, 3.892, 0.000, 0.000, 0.003, 0.000, 2.168
19.350, 1, Obstacle, -512.073, -196.192, 0.000, 3.892, 0.000, 0.000, 0.000, 0.000, 0.000
19.400, 0, Ego, -506.956, -191.425, 0.000, 3.892, 0.000, 0.000, 0.003, 0.000, 2.169
19.400, 1, Obstacle, -512.073, -196.192, 0.000, 3.892, 0.000, 0.000, 0.000, 0.000, 0.000
19.450, 0, Ego, -506.956, -191.425, 0.000, 3.892, 0.000, 0.000, 0.003, 0.000, 2.169
19.450, 1, Obstacle, -512.073, -196.192, 0.000, 3.892, 0.000, 0.000, 0.000, 0.000, 0.000
19.500, 0, Ego, -506.956, -191.425, 0.000, 3.892, 0.000, 0.000, 0.003, 0.000, 2.169
19.500, 1, Obstacle, -512.073, -196.192, 0.000, 3.892, 0.000, 0.000, 0.000, 0.000, 0.000
19.550, 0, Ego, -506.957, -191.425, 0.000, 3.892, 0.000, 0.000, 0.003, 0.000, 2.170
19.550, 1, Obstacle, -512.073, -196.192, 0.000, 3.892, 0.000, 0.000, 0.000, 0.000, 0.000
19.600, 0, Ego, -506.957, -191.425, 0.000, 3.892, 0.000, 0.000, 0.003, 0.000, 2.170
19.600, 1, Obstacle, -512.073, -196.192, 0.000, 3.892, 0.000, 0.000, 0.000, 0.000, 0.000
19.650, 0, Ego, -506.957, -191.425, 0.000, 3.892, 0.000, 0.000, 0.002, 0.000, 2.171
19.650, 1, Obstacle, -512.073, -196.192, 0.000, 3.892, 0.000, 0.000, 0.000, 0.000, 0.000
19.700, 0, Ego, -506.957, -191.425, 0.000, 3.892, 0.000, 0.000, 0.002, 0.000, 2.171
19.700, 1, Obstacle, -512.073, -196.192, 0.000, 3.892, 0.000, 0.000, 0.000, 0.000, 0.000
19.750, 0, Ego, -506.957, -191.425, 0.000, 3.892, 0.000, 0.000, 0.002, 0.000, 2.171
19.750, 1, Obstacle, -512.073, -196.192, 0.000, 3.892, 0.000, 0.000, 0.000, 0.000, 0.000
19.800, 0, Ego, -506.957, -191.425, 0.000, 3.892, 0.000, 0.000, 0.002, 0.000, 2.172
19.800, 1, Obstacle, -512.073, -196.192, 0.000, 3.892, 0.000, 0.000, 0.000, 0.000, 0.000
19.850, 0, Ego, -506.957, -191.425, 0.000, 3.892, 0.000, 0.000, 0.002, 0.000, 2.172
19.850, 1, Obstacle, -512.073, -196.192, 0.000, 3.892, 0.000, 0.000, 0.000, 0.000, 0.000
19.900, 0, Ego, -506.957, -191.425, 0.000, 3.892, 0.000, 0.000, 0.002, 0.000, 2.172
19.900, 1, Obstacle, -512.073, -196.192, 0.000, 3.892, 0.000, 0.000, 0.000, 0.000, 0.000
19.950, 0, Ego, -506.957, -191.426, 0.000, 3.892, 0.000, 0.000, 0.002, 0.000, 2.172
19.950, 1, Obstacle, -512.073, -196.192, 0.000, 3.892, 0.000, 0.000, 0.000, 0.000, 0.000
20.000, 0, Ego, -506.957, -191.426, 0.000, 3.892, 0.000, 0.000, 0.002, 0.000, 2.173
20.000, 1, Obstacle, -512.073, -196.192, 0.000, 3.892, 0.000, 0.000, 0.000, 0.000, 0.000
20.050, 0, Ego, -506.957, -191.426, 0.000, 3.892, 0.000, 0.000, 0.002, 0.000, 2.173
20.050, 1, Obstacle, -512.073, -196.192, 0.000, 3.892, 0.000, 0.000, 0.000, 0.000, 0.000
